[bridge:market] Flutter source: http://127.0.0.1:8095
[bridge:market] Glass URL:      http://127.0.0.1:8100/
[bridge:market] listening on 127.0.0.1:8100
[bridge:market] saved C:\Users\Administrator.user-HP\AndroidStudioProjects\amana\glass-preview-bridge\evidence\market-frame-1-painted.png (114473 bytes) status=flutter-first-frame
[bridge:market] saved C:\Users\Administrator.user-HP\AndroidStudioProjects\amana\glass-preview-bridge\evidence\market-frame-8-painted.png (114473 bytes) status=flutter-first-frame
[bridge:market] saved C:\Users\Administrator.user-HP\AndroidStudioProjects\amana\glass-preview-bridge\evidence\market-frame-16-painted.png (114473 bytes) status=flutter-first-frame
[bridge:market] saved C:\Users\Administrator.user-HP\AndroidStudioProjects\amana\glass-preview-bridge\evidence\market-frame-24-painted.png (114473 bytes) status=flutter-first-frame
[bridge:market] saved C:\Users\Administrator.user-HP\AndroidStudioProjects\amana\glass-preview-bridge\evidence\market-frame-32-painted.png (114473 bytes) status=flutter-first-frame
[bridge:market] saved C:\Users\Administrator.user-HP\AndroidStudioProjects\amana\glass-preview-bridge\evidence\market-frame-40-painted.png (114473 bytes) status=flutter-first-frame
[bridge:market] saved C:\Users\Administrator.user-HP\AndroidStudioProjects\amana\glass-preview-bridge\evidence\market-frame-48-painted.png (114473 bytes) status=flutter-first-frame
[bridge:market] saved C:\Users\Administrator.user-HP\AndroidStudioProjects\amana\glass-preview-bridge\evidence\market-frame-56-painted.png (114473 bytes) status=flutter-first-frame
[bridge:market] saved C:\Users\Administrator.user-HP\AndroidStudioProjects\amana\glass-preview-bridge\evidence\market-frame-64-painted.png (114473 bytes) status=flutter-first-frame
[bridge:market] saved C:\Users\Administrator.user-HP\AndroidStudioProjects\amana\glass-preview-bridge\evidence\market-frame-72-painted.png (114473 bytes) status=flutter-first-frame
[bridge:market] saved C:\Users\Administrator.user-HP\AndroidStudioProjects\amana\glass-preview-bridge\evidence\market-frame-80-painted.png (114473 bytes) status=flutter-first-frame
[bridge:market] saved C:\Users\Administrator.user-HP\AndroidStudioProjects\amana\glass-preview-bridge\evidence\market-frame-88-painted.png (114473 bytes) status=flutter-first-frame
[bridge:market] saved C:\Users\Administrator.user-HP\AndroidStudioProjects\amana\glass-preview-bridge\evidence\market-frame-96-painted.png (114473 bytes) status=flutter-first-frame
[bridge:market] saved C:\Users\Administrator.user-HP\AndroidStudioProjects\amana\glass-preview-bridge\evidence\market-frame-104-painted.png (114473 bytes) status=flutter-first-frame
[bridge:market] saved C:\Users\Administrator.user-HP\AndroidStudioProjects\amana\glass-preview-bridge\evidence\market-frame-112-painted.png (114473 bytes) status=flutter-first-frame
[bridge:market] saved C:\Users\Administrator.user-HP\AndroidStudioProjects\amana\glass-preview-bridge\evidence\market-frame-120-painted.png (114473 bytes) status=flutter-first-frame
[bridge:market] saved C:\Users\Administrator.user-HP\AndroidStudioProjects\amana\glass-preview-bridge\evidence\market-frame-128-painted.png (114473 bytes) status=flutter-first-frame
[bridge:market] saved C:\Users\Administrator.user-HP\AndroidStudioProjects\amana\glass-preview-bridge\evidence\market-frame-136-painted.png (114473 bytes) status=flutter-first-frame
[bridge:market] saved C:\Users\Administrator.user-HP\AndroidStudioProjects\amana\glass-preview-bridge\evidence\market-frame-144-painted.png (114473 bytes) status=flutter-first-frame
[bridge:market] saved C:\Users\Administrator.user-HP\AndroidStudioProjects\amana\glass-preview-bridge\evidence\market-frame-152-painted.png (114473 bytes) status=flutter-first-frame
[bridge:market] saved C:\Users\Administrator.user-HP\AndroidStudioProjects\amana\glass-preview-bridge\evidence\market-frame-160-painted.png (114473 bytes) status=flutter-first-frame
[bridge:market] saved C:\Users\Administrator.user-HP\AndroidStudioProjects\amana\glass-preview-bridge\evidence\market-frame-168-painted.png (114473 bytes) status=flutter-first-frame
[bridge:market] saved C:\Users\Administrator.user-HP\AndroidStudioProjects\amana\glass-preview-bridge\evidence\market-frame-176-painted.png (114473 bytes) status=flutter-first-frame
[bridge:market] saved C:\Users\Administrator.user-HP\AndroidStudioProjects\amana\glass-preview-bridge\evidence\market-frame-184-painted.png (114473 bytes) status=flutter-first-frame
[bridge:market] saved C:\Users\Administrator.user-HP\AndroidStudioProjects\amana\glass-preview-bridge\evidence\market-frame-192-painted.png (114473 bytes) status=flutter-first-frame
[bridge:market] saved C:\Users\Administrator.user-HP\AndroidStudioProjects\amana\glass-preview-bridge\evidence\market-frame-200-painted.png (114473 bytes) status=flutter-first-frame
[bridge:market] saved C:\Users\Administrator.user-HP\AndroidStudioProjects\amana\glass-preview-bridge\evidence\market-frame-208-painted.png (114473 bytes) status=flutter-first-frame
[bridge:market] saved C:\Users\Administrator.user-HP\AndroidStudioProjects\amana\glass-preview-bridge\evidence\market-frame-216-painted.png (114473 bytes) status=flutter-first-frame
[bridge:market] saved C:\Users\Administrator.user-HP\AndroidStudioProjects\amana\glass-preview-bridge\evidence\market-frame-224-painted.png (114473 bytes) status=flutter-first-frame
[bridge:market] saved C:\Users\Administrator.user-HP\AndroidStudioProjects\amana\glass-preview-bridge\evidence\market-frame-232-painted.png (114473 bytes) status=flutter-first-frame
[bridge:market] saved C:\Users\Administrator.user-HP\AndroidStudioProjects\amana\glass-preview-bridge\evidence\market-frame-240-painted.png (114473 bytes) status=flutter-first-frame
[bridge:market] saved C:\Users\Administrator.user-HP\AndroidStudioProjects\amana\glass-preview-bridge\evidence\market-frame-248-painted.png (114473 bytes) status=flutter-first-frame
[bridge:market] saved C:\Users\Administrator.user-HP\AndroidStudioProjects\amana\glass-preview-bridge\evidence\market-frame-256-painted.png (114473 bytes) status=flutter-first-frame
[bridge:market] saved C:\Users\Administrator.user-HP\AndroidStudioProjects\amana\glass-preview-bridge\evidence\market-frame-264-painted.png (114473 bytes) status=flutter-first-frame
[bridge:market] saved C:\Users\Administrator.user-HP\AndroidStudioProjects\amana\glass-preview-bridge\evidence\market-frame-272-painted.png (114473 bytes) status=flutter-first-frame
[bridge:market] saved C:\Users\Administrator.user-HP\AndroidStudioProjects\amana\glass-preview-bridge\evidence\market-frame-280-painted.png (114473 bytes) status=flutter-first-frame
[bridge:market] saved C:\Users\Administrator.user-HP\AndroidStudioProjects\amana\glass-preview-bridge\evidence\market-frame-288-painted.png (114473 bytes) status=flutter-first-frame
[bridge:market] saved C:\Users\Administrator.user-HP\AndroidStudioProjects\amana\glass-preview-bridge\evidence\market-frame-296-painted.png (114473 bytes) status=flutter-first-frame
[bridge:market] saved C:\Users\Administrator.user-HP\AndroidStudioProjects\amana\glass-preview-bridge\evidence\market-frame-304-painted.png (114473 bytes) status=flutter-first-frame
[bridge:market] saved C:\Users\Administrator.user-HP\AndroidStudioProjects\amana\glass-preview-bridge\evidence\market-frame-312-painted.png (114473 bytes) status=flutter-first-frame
[bridge:market] saved C:\Users\Administrator.user-HP\AndroidStudioProjects\amana\glass-preview-bridge\evidence\market-frame-320-painted.png (114473 bytes) status=flutter-first-frame
[bridge:market] saved C:\Users\Administrator.user-HP\AndroidStudioProjects\amana\glass-preview-bridge\evidence\market-frame-328-painted.png (114473 bytes) status=flutter-first-frame
[bridge:market] saved C:\Users\Administrator.user-HP\AndroidStudioProjects\amana\glass-preview-bridge\evidence\market-frame-336-painted.png (114473 bytes) status=flutter-first-frame
[bridge:market] saved C:\Users\Administrator.user-HP\AndroidStudioProjects\amana\glass-preview-bridge\evidence\market-frame-344-painted.png (114473 bytes) status=flutter-first-frame
[bridge:market] saved C:\Users\Administrator.user-HP\AndroidStudioProjects\amana\glass-preview-bridge\evidence\market-frame-352-painted.png (114473 bytes) status=flutter-first-frame
[bridge:market] saved C:\Users\Administrator.user-HP\AndroidStudioProjects\amana\glass-preview-bridge\evidence\market-frame-360-painted.png (114473 bytes) status=flutter-first-frame
[bridge:market] saved C:\Users\Administrator.user-HP\AndroidStudioProjects\amana\glass-preview-bridge\evidence\market-frame-368-painted.png (114473 bytes) status=flutter-first-frame
[bridge:market] saved C:\Users\Administrator.user-HP\AndroidStudioProjects\amana\glass-preview-bridge\evidence\market-frame-376-painted.png (114473 bytes) status=flutter-first-frame
[bridge:market] saved C:\Users\Administrator.user-HP\AndroidStudioProjects\amana\glass-preview-bridge\evidence\market-frame-384-painted.png (114473 bytes) status=flutter-first-frame
[bridge:market] saved C:\Users\Administrator.user-HP\AndroidStudioProjects\amana\glass-preview-bridge\evidence\market-frame-392-painted.png (114473 bytes) status=flutter-first-frame
[bridge:market] saved C:\Users\Administrator.user-HP\AndroidStudioProjects\amana\glass-preview-bridge\evidence\market-frame-400-painted.png (114473 bytes) status=flutter-first-frame
[bridge:market] saved C:\Users\Administrator.user-HP\AndroidStudioProjects\amana\glass-preview-bridge\evidence\market-frame-408-painted.png (114473 bytes) status=flutter-first-frame
[bridge:market] saved C:\Users\Administrator.user-HP\AndroidStudioProjects\amana\glass-preview-bridge\evidence\market-frame-416-painted.png (114473 bytes) status=flutter-first-frame
[bridge:market] saved C:\Users\Administrator.user-HP\AndroidStudioProjects\amana\glass-preview-bridge\evidence\market-frame-424-painted.png (114473 bytes) status=flutter-first-frame
[bridge:market] saved C:\Users\Administrator.user-HP\AndroidStudioProjects\amana\glass-preview-bridge\evidence\market-frame-432-painted.png (114473 bytes) status=flutter-first-frame
[bridge:market] saved C:\Users\Administrator.user-HP\AndroidStudioProjects\amana\glass-preview-bridge\evidence\market-frame-440-painted.png (114473 bytes) status=flutter-first-frame
[bridge:market] saved C:\Users\Administrator.user-HP\AndroidStudioProjects\amana\glass-preview-bridge\evidence\market-frame-448-painted.png (114473 bytes) status=flutter-first-frame
[bridge:market] saved C:\Users\Administrator.user-HP\AndroidStudioProjects\amana\glass-preview-bridge\evidence\market-frame-456-painted.png (114473 bytes) status=flutter-first-frame
[bridge:market] saved C:\Users\Administrator.user-HP\AndroidStudioProjects\amana\glass-preview-bridge\evidence\market-frame-464-painted.png (114473 bytes) status=flutter-first-frame
[bridge:market] saved C:\Users\Administrator.user-HP\AndroidStudioProjects\amana\glass-preview-bridge\evidence\market-frame-472-painted.png (114473 bytes) status=flutter-first-frame
[bridge:market] saved C:\Users\Administrator.user-HP\AndroidStudioProjects\amana\glass-preview-bridge\evidence\market-frame-480-painted.png (114473 bytes) status=flutter-first-frame
[bridge:market] saved C:\Users\Administrator.user-HP\AndroidStudioProjects\amana\glass-preview-bridge\evidence\market-frame-488-painted.png (114473 bytes) status=flutter-first-frame
[bridge:market] saved C:\Users\Administrator.user-HP\AndroidStudioProjects\amana\glass-preview-bridge\evidence\market-frame-496-painted.png (114473 bytes) status=flutter-first-frame
[bridge:market] saved C:\Users\Administrator.user-HP\AndroidStudioProjects\amana\glass-preview-bridge\evidence\market-frame-504-painted.png (114473 bytes) status=flutter-first-frame
[bridge:market] saved C:\Users\Administrator.user-HP\AndroidStudioProjects\amana\glass-preview-bridge\evidence\market-frame-512-painted.png (114473 bytes) status=flutter-first-frame
[bridge:market] saved C:\Users\Administrator.user-HP\AndroidStudioProjects\amana\glass-preview-bridge\evidence\market-frame-520-painted.png (114473 bytes) status=flutter-first-frame
[bridge:market] saved C:\Users\Administrator.user-HP\AndroidStudioProjects\amana\glass-preview-bridge\evidence\market-frame-528-painted.png (114473 bytes) status=flutter-first-frame
[bridge:market] saved C:\Users\Administrator.user-HP\AndroidStudioProjects\amana\glass-preview-bridge\evidence\market-frame-536-painted.png (114473 bytes) status=flutter-first-frame
[bridge:market] saved C:\Users\Administrator.user-HP\AndroidStudioProjects\amana\glass-preview-bridge\evidence\market-frame-544-painted.png (114473 bytes) status=flutter-first-frame
[bridge:market] saved C:\Users\Administrator.user-HP\AndroidStudioProjects\amana\glass-preview-bridge\evidence\market-frame-552-painted.png (114473 bytes) status=flutter-first-frame
[bridge:market] saved C:\Users\Administrator.user-HP\AndroidStudioProjects\amana\glass-preview-bridge\evidence\market-frame-560-painted.png (114473 bytes) status=flutter-first-frame
[bridge:market] saved C:\Users\Administrator.user-HP\AndroidStudioProjects\amana\glass-preview-bridge\evidence\market-frame-568-painted.png (114473 bytes) status=flutter-first-frame
[bridge:market] saved C:\Users\Administrator.user-HP\AndroidStudioProjects\amana\glass-preview-bridge\evidence\market-frame-576-painted.png (114473 bytes) status=flutter-first-frame
[bridge:market] saved C:\Users\Administrator.user-HP\AndroidStudioProjects\amana\glass-preview-bridge\evidence\market-frame-584-painted.png (114473 bytes) status=flutter-first-frame
[bridge:market] saved C:\Users\Administrator.user-HP\AndroidStudioProjects\amana\glass-preview-bridge\evidence\market-frame-592-painted.png (114473 bytes) status=flutter-first-frame
[bridge:market] saved C:\Users\Administrator.user-HP\AndroidStudioProjects\amana\glass-preview-bridge\evidence\market-frame-600-painted.png (114473 bytes) status=flutter-first-frame
[bridge:market] saved C:\Users\Administrator.user-HP\AndroidStudioProjects\amana\glass-preview-bridge\evidence\market-frame-608-painted.png (114473 bytes) status=flutter-first-frame
[bridge:market] saved C:\Users\Administrator.user-HP\AndroidStudioProjects\amana\glass-preview-bridge\evidence\market-frame-616-painted.png (114473 bytes) status=flutter-first-frame
[bridge:market] saved C:\Users\Administrator.user-HP\AndroidStudioProjects\amana\glass-preview-bridge\evidence\market-frame-624-painted.png (114473 bytes) status=flutter-first-frame
[bridge:market] saved C:\Users\Administrator.user-HP\AndroidStudioProjects\amana\glass-preview-bridge\evidence\market-frame-632-painted.png (114473 bytes) status=flutter-first-frame
[bridge:market] saved C:\Users\Administrator.user-HP\AndroidStudioProjects\amana\glass-preview-bridge\evidence\market-frame-640-painted.png (114473 bytes) status=flutter-first-frame
[bridge:market] saved C:\Users\Administrator.user-HP\AndroidStudioProjects\amana\glass-preview-bridge\evidence\market-frame-648-painted.png (114473 bytes) status=flutter-first-frame
[bridge:market] saved C:\Users\Administrator.user-HP\AndroidStudioProjects\amana\glass-preview-bridge\evidence\market-frame-656-painted.png (114473 bytes) status=flutter-first-frame
[bridge:market] saved C:\Users\Administrator.user-HP\AndroidStudioProjects\amana\glass-preview-bridge\evidence\market-frame-664-painted.png (114473 bytes) status=flutter-first-frame
[bridge:market] saved C:\Users\Administrator.user-HP\AndroidStudioProjects\amana\glass-preview-bridge\evidence\market-frame-672-painted.png (114473 bytes) status=flutter-first-frame
[bridge:market] saved C:\Users\Administrator.user-HP\AndroidStudioProjects\amana\glass-preview-bridge\evidence\market-frame-680-painted.png (114473 bytes) status=flutter-first-frame
[bridge:market] saved C:\Users\Administrator.user-HP\AndroidStudioProjects\amana\glass-preview-bridge\evidence\market-frame-688-painted.png (114473 bytes) status=flutter-first-frame
[bridge:market] saved C:\Users\Administrator.user-HP\AndroidStudioProjects\amana\glass-preview-bridge\evidence\market-frame-696-painted.png (114473 bytes) status=flutter-first-frame
[bridge:market] saved C:\Users\Administrator.user-HP\AndroidStudioProjects\amana\glass-preview-bridge\evidence\market-frame-704-painted.png (114473 bytes) status=flutter-first-frame
[bridge:market] saved C:\Users\Administrator.user-HP\AndroidStudioProjects\amana\glass-preview-bridge\evidence\market-frame-712-painted.png (114473 bytes) status=flutter-first-frame
[bridge:market] saved C:\Users\Administrator.user-HP\AndroidStudioProjects\amana\glass-preview-bridge\evidence\market-frame-720-painted.png (114473 bytes) status=flutter-first-frame
[bridge:market] saved C:\Users\Administrator.user-HP\AndroidStudioProjects\amana\glass-preview-bridge\evidence\market-frame-728-painted.png (114473 bytes) status=flutter-first-frame
[bridge:market] saved C:\Users\Administrator.user-HP\AndroidStudioProjects\amana\glass-preview-bridge\evidence\market-frame-736-painted.png (114473 bytes) status=flutter-first-frame
[bridge:market] saved C:\Users\Administrator.user-HP\AndroidStudioProjects\amana\glass-preview-bridge\evidence\market-frame-744-painted.png (114473 bytes) status=flutter-first-frame
[bridge:market] saved C:\Users\Administrator.user-HP\AndroidStudioProjects\amana\glass-preview-bridge\evidence\market-frame-752-painted.png (114473 bytes) status=flutter-first-frame
[bridge:market] saved C:\Users\Administrator.user-HP\AndroidStudioProjects\amana\glass-preview-bridge\evidence\market-frame-760-painted.png (114473 bytes) status=flutter-first-frame
[bridge:market] saved C:\Users\Administrator.user-HP\AndroidStudioProjects\amana\glass-preview-bridge\evidence\market-frame-768-painted.png (114473 bytes) status=flutter-first-frame
[bridge:market] saved C:\Users\Administrator.user-HP\AndroidStudioProjects\amana\glass-preview-bridge\evidence\market-frame-776-painted.png (114473 bytes) status=flutter-first-frame
[bridge:market] saved C:\Users\Administrator.user-HP\AndroidStudioProjects\amana\glass-preview-bridge\evidence\market-frame-784-painted.png (114473 bytes) status=flutter-first-frame
[bridge:market] saved C:\Users\Administrator.user-HP\AndroidStudioProjects\amana\glass-preview-bridge\evidence\market-frame-792-painted.png (114473 bytes) status=flutter-first-frame
[bridge:market] saved C:\Users\Administrator.user-HP\AndroidStudioProjects\amana\glass-preview-bridge\evidence\market-frame-800-painted.png (114473 bytes) status=flutter-first-frame
[bridge:market] saved C:\Users\Administrator.user-HP\AndroidStudioProjects\amana\glass-preview-bridge\evidence\market-frame-808-painted.png (114473 bytes) status=flutter-first-frame
[bridge:market] saved C:\Users\Administrator.user-HP\AndroidStudioProjects\amana\glass-preview-bridge\evidence\market-frame-816-painted.png (114473 bytes) status=flutter-first-frame
[bridge:market] saved C:\Users\Administrator.user-HP\AndroidStudioProjects\amana\glass-preview-bridge\evidence\market-frame-824-painted.png (114473 bytes) status=flutter-first-frame
[bridge:market] saved C:\Users\Administrator.user-HP\AndroidStudioProjects\amana\glass-preview-bridge\evidence\market-frame-832-painted.png (114473 bytes) status=flutter-first-frame
[bridge:market] saved C:\Users\Administrator.user-HP\AndroidStudioProjects\amana\glass-preview-bridge\evidence\market-frame-840-painted.png (114473 bytes) status=flutter-first-frame
[bridge:market] saved C:\Users\Administrator.user-HP\AndroidStudioProjects\amana\glass-preview-bridge\evidence\market-frame-848-painted.png (114473 bytes) status=flutter-first-frame
[bridge:market] saved C:\Users\Administrator.user-HP\AndroidStudioProjects\amana\glass-preview-bridge\evidence\market-frame-856-painted.png (114473 bytes) status=flutter-first-frame
[bridge:market] saved C:\Users\Administrator.user-HP\AndroidStudioProjects\amana\glass-preview-bridge\evidence\market-frame-864-painted.png (114473 bytes) status=flutter-first-frame
[bridge:market] saved C:\Users\Administrator.user-HP\AndroidStudioProjects\amana\glass-preview-bridge\evidence\market-frame-872-painted.png (114473 bytes) status=flutter-first-frame
[bridge:market] saved C:\Users\Administrator.user-HP\AndroidStudioProjects\amana\glass-preview-bridge\evidence\market-frame-880-painted.png (114473 bytes) status=flutter-first-frame
[bridge:market] saved C:\Users\Administrator.user-HP\AndroidStudioProjects\amana\glass-preview-bridge\evidence\market-frame-888-painted.png (114473 bytes) status=flutter-first-frame
[bridge:market] saved C:\Users\Administrator.user-HP\AndroidStudioProjects\amana\glass-preview-bridge\evidence\market-frame-896-painted.png (114473 bytes) status=flutter-first-frame
[bridge:market] saved C:\Users\Administrator.user-HP\AndroidStudioProjects\amana\glass-preview-bridge\evidence\market-frame-904-painted.png (114473 bytes) status=flutter-first-frame
[bridge:market] saved C:\Users\Administrator.user-HP\AndroidStudioProjects\amana\glass-preview-bridge\evidence\market-frame-912-painted.png (114473 bytes) status=flutter-first-frame
[bridge:market] saved C:\Users\Administrator.user-HP\AndroidStudioProjects\amana\glass-preview-bridge\evidence\market-frame-920-painted.png (114473 bytes) status=flutter-first-frame
[bridge:market] saved C:\Users\Administrator.user-HP\AndroidStudioProjects\amana\glass-preview-bridge\evidence\market-frame-928-painted.png (114473 bytes) status=flutter-first-frame
[bridge:market] saved C:\Users\Administrator.user-HP\AndroidStudioProjects\amana\glass-preview-bridge\evidence\market-frame-936-painted.png (114473 bytes) status=flutter-first-frame
[bridge:market] saved C:\Users\Administrator.user-HP\AndroidStudioProjects\amana\glass-preview-bridge\evidence\market-frame-944-painted.png (114473 bytes) status=flutter-first-frame
[bridge:market] saved C:\Users\Administrator.user-HP\AndroidStudioProjects\amana\glass-preview-bridge\evidence\market-frame-952-painted.png (114473 bytes) status=flutter-first-frame
[bridge:market] saved C:\Users\Administrator.user-HP\AndroidStudioProjects\amana\glass-preview-bridge\evidence\market-frame-960-painted.png (114473 bytes) status=flutter-first-frame
[bridge:market] saved C:\Users\Administrator.user-HP\AndroidStudioProjects\amana\glass-preview-bridge\evidence\market-frame-968-painted.png (114473 bytes) status=flutter-first-frame
[bridge:market] saved C:\Users\Administrator.user-HP\AndroidStudioProjects\amana\glass-preview-bridge\evidence\market-frame-976-painted.png (114473 bytes) status=flutter-first-frame
[bridge:market] saved C:\Users\Administrator.user-HP\AndroidStudioProjects\amana\glass-preview-bridge\evidence\market-frame-984-painted.png (114473 bytes) status=flutter-first-frame
[bridge:market] saved C:\Users\Administrator.user-HP\AndroidStudioProjects\amana\glass-preview-bridge\evidence\market-frame-992-painted.png (114473 bytes) status=flutter-first-frame
[bridge:market] saved C:\Users\Administrator.user-HP\AndroidStudioProjects\amana\glass-preview-bridge\evidence\market-frame-1000-painted.png (114473 bytes) status=flutter-first-frame
[bridge:market] saved C:\Users\Administrator.user-HP\AndroidStudioProjects\amana\glass-preview-bridge\evidence\market-frame-1008-painted.png (114473 bytes) status=flutter-first-frame
[bridge:market] saved C:\Users\Administrator.user-HP\AndroidStudioProjects\amana\glass-preview-bridge\evidence\market-frame-1016-painted.png (114473 bytes) status=flutter-first-frame
[bridge:market] saved C:\Users\Administrator.user-HP\AndroidStudioProjects\amana\glass-preview-bridge\evidence\market-frame-1024-painted.png (114473 bytes) status=flutter-first-frame
[bridge:market] saved C:\Users\Administrator.user-HP\AndroidStudioProjects\amana\glass-preview-bridge\evidence\market-frame-1032-painted.png (114473 bytes) status=flutter-first-frame
[bridge:market] saved C:\Users\Administrator.user-HP\AndroidStudioProjects\amana\glass-preview-bridge\evidence\market-frame-1040-painted.png (114473 bytes) status=flutter-first-frame
[bridge:market] saved C:\Users\Administrator.user-HP\AndroidStudioProjects\amana\glass-preview-bridge\evidence\market-frame-1048-painted.png (114473 bytes) status=flutter-first-frame
[bridge:market] saved C:\Users\Administrator.user-HP\AndroidStudioProjects\amana\glass-preview-bridge\evidence\market-frame-1056-painted.png (114473 bytes) status=flutter-first-frame
[bridge:market] saved C:\Users\Administrator.user-HP\AndroidStudioProjects\amana\glass-preview-bridge\evidence\market-frame-1064-painted.png (114473 bytes) status=flutter-first-frame
[bridge:market] saved C:\Users\Administrator.user-HP\AndroidStudioProjects\amana\glass-preview-bridge\evidence\market-frame-1072-painted.png (114473 bytes) status=flutter-first-frame
[bridge:market] saved C:\Users\Administrator.user-HP\AndroidStudioProjects\amana\glass-preview-bridge\evidence\market-frame-1080-painted.png (114473 bytes) status=flutter-first-frame
[bridge:market] saved C:\Users\Administrator.user-HP\AndroidStudioProjects\amana\glass-preview-bridge\evidence\market-frame-1088-painted.png (114473 bytes) status=flutter-first-frame
[bridge:market] saved C:\Users\Administrator.user-HP\AndroidStudioProjects\amana\glass-preview-bridge\evidence\market-frame-1096-painted.png (114473 bytes) status=flutter-first-frame
[bridge:market] saved C:\Users\Administrator.user-HP\AndroidStudioProjects\amana\glass-preview-bridge\evidence\market-frame-1104-painted.png (114473 bytes) status=flutter-first-frame
[bridge:market] saved C:\Users\Administrator.user-HP\AndroidStudioProjects\amana\glass-preview-bridge\evidence\market-frame-1112-painted.png (114473 bytes) status=flutter-first-frame
[bridge:market] saved C:\Users\Administrator.user-HP\AndroidStudioProjects\amana\glass-preview-bridge\evidence\market-frame-1120-painted.png (114473 bytes) status=flutter-first-frame
[bridge:market] saved C:\Users\Administrator.user-HP\AndroidStudioProjects\amana\glass-preview-bridge\evidence\market-frame-1128-painted.png (114473 bytes) status=flutter-first-frame
[bridge:market] saved C:\Users\Administrator.user-HP\AndroidStudioProjects\amana\glass-preview-bridge\evidence\market-frame-1136-painted.png (114473 bytes) status=flutter-first-frame
[bridge:market] saved C:\Users\Administrator.user-HP\AndroidStudioProjects\amana\glass-preview-bridge\evidence\market-frame-1144-painted.png (114473 bytes) status=flutter-first-frame
[bridge:market] saved C:\Users\Administrator.user-HP\AndroidStudioProjects\amana\glass-preview-bridge\evidence\market-frame-1152-painted.png (114473 bytes) status=flutter-first-frame
[bridge:market] saved C:\Users\Administrator.user-HP\AndroidStudioProjects\amana\glass-preview-bridge\evidence\market-frame-1160-painted.png (114473 bytes) status=flutter-first-frame
[bridge:market] saved C:\Users\Administrator.user-HP\AndroidStudioProjects\amana\glass-preview-bridge\evidence\market-frame-1168-painted.png (114473 bytes) status=flutter-first-frame
[bridge:market] saved C:\Users\Administrator.user-HP\AndroidStudioProjects\amana\glass-preview-bridge\evidence\market-frame-1176-painted.png (114473 bytes) status=flutter-first-frame
[bridge:market] saved C:\Users\Administrator.user-HP\AndroidStudioProjects\amana\glass-preview-bridge\evidence\market-frame-1184-painted.png (114473 bytes) status=flutter-first-frame
[bridge:market] saved C:\Users\Administrator.user-HP\AndroidStudioProjects\amana\glass-preview-bridge\evidence\market-frame-1192-painted.png (114473 bytes) status=flutter-first-frame
[bridge:market] saved C:\Users\Administrator.user-HP\AndroidStudioProjects\amana\glass-preview-bridge\evidence\market-frame-1200-painted.png (114473 bytes) status=flutter-first-frame
[bridge:market] saved C:\Users\Administrator.user-HP\AndroidStudioProjects\amana\glass-preview-bridge\evidence\market-frame-1208-painted.png (114473 bytes) status=flutter-first-frame
[bridge:market] saved C:\Users\Administrator.user-HP\AndroidStudioProjects\amana\glass-preview-bridge\evidence\market-frame-1216-painted.png (114473 bytes) status=flutter-first-frame
[bridge:market] saved C:\Users\Administrator.user-HP\AndroidStudioProjects\amana\glass-preview-bridge\evidence\market-frame-1224-painted.png (114473 bytes) status=flutter-first-frame
[bridge:market] saved C:\Users\Administrator.user-HP\AndroidStudioProjects\amana\glass-preview-bridge\evidence\market-frame-1232-painted.png (114473 bytes) status=flutter-first-frame
[bridge:market] saved C:\Users\Administrator.user-HP\AndroidStudioProjects\amana\glass-preview-bridge\evidence\market-frame-1240-painted.png (114473 bytes) status=flutter-first-frame
[bridge:market] saved C:\Users\Administrator.user-HP\AndroidStudioProjects\amana\glass-preview-bridge\evidence\market-frame-1248-painted.png (114473 bytes) status=flutter-first-frame
[bridge:market] saved C:\Users\Administrator.user-HP\AndroidStudioProjects\amana\glass-preview-bridge\evidence\market-frame-1256-painted.png (114473 bytes) status=flutter-first-frame
[bridge:market] saved C:\Users\Administrator.user-HP\AndroidStudioProjects\amana\glass-preview-bridge\evidence\market-frame-1264-painted.png (114473 bytes) status=flutter-first-frame
[bridge:market] saved C:\Users\Administrator.user-HP\AndroidStudioProjects\amana\glass-preview-bridge\evidence\market-frame-1272-painted.png (114473 bytes) status=flutter-first-frame
[bridge:market] saved C:\Users\Administrator.user-HP\AndroidStudioProjects\amana\glass-preview-bridge\evidence\market-frame-1280-painted.png (114473 bytes) status=flutter-first-frame
[bridge:market] saved C:\Users\Administrator.user-HP\AndroidStudioProjects\amana\glass-preview-bridge\evidence\market-frame-1288-painted.png (114473 bytes) status=flutter-first-frame
[bridge:market] saved C:\Users\Administrator.user-HP\AndroidStudioProjects\amana\glass-preview-bridge\evidence\market-frame-1296-painted.png (114473 bytes) status=flutter-first-frame
[bridge:market] saved C:\Users\Administrator.user-HP\AndroidStudioProjects\amana\glass-preview-bridge\evidence\market-frame-1304-painted.png (114473 bytes) status=flutter-first-frame
[bridge:market] saved C:\Users\Administrator.user-HP\AndroidStudioProjects\amana\glass-preview-bridge\evidence\market-frame-1312-painted.png (114473 bytes) status=flutter-first-frame
[bridge:market] saved C:\Users\Administrator.user-HP\AndroidStudioProjects\amana\glass-preview-bridge\evidence\market-frame-1320-painted.png (114473 bytes) status=flutter-first-frame
[bridge:market] saved C:\Users\Administrator.user-HP\AndroidStudioProjects\amana\glass-preview-bridge\evidence\market-frame-1328-painted.png (114473 bytes) status=flutter-first-frame
[bridge:market] saved C:\Users\Administrator.user-HP\AndroidStudioProjects\amana\glass-preview-bridge\evidence\market-frame-1336-painted.png (114473 bytes) status=flutter-first-frame
[bridge:market] saved C:\Users\Administrator.user-HP\AndroidStudioProjects\amana\glass-preview-bridge\evidence\market-frame-1344-painted.png (114473 bytes) status=flutter-first-frame
[bridge:market] saved C:\Users\Administrator.user-HP\AndroidStudioProjects\amana\glass-preview-bridge\evidence\market-frame-1352-painted.png (114473 bytes) status=flutter-first-frame
[bridge:market] saved C:\Users\Administrator.user-HP\AndroidStudioProjects\amana\glass-preview-bridge\evidence\market-frame-1360-painted.png (114473 bytes) status=flutter-first-frame
[bridge:market] saved C:\Users\Administrator.user-HP\AndroidStudioProjects\amana\glass-preview-bridge\evidence\market-frame-1368-painted.png (114473 bytes) status=flutter-first-frame
[bridge:market] saved C:\Users\Administrator.user-HP\AndroidStudioProjects\amana\glass-preview-bridge\evidence\market-frame-1376-painted.png (114473 bytes) status=flutter-first-frame
[bridge:market] saved C:\Users\Administrator.user-HP\AndroidStudioProjects\amana\glass-preview-bridge\evidence\market-frame-1384-painted.png (114473 bytes) status=flutter-first-frame
[bridge:market] saved C:\Users\Administrator.user-HP\AndroidStudioProjects\amana\glass-preview-bridge\evidence\market-frame-1392-painted.png (114473 bytes) status=flutter-first-frame
[bridge:market] saved C:\Users\Administrator.user-HP\AndroidStudioProjects\amana\glass-preview-bridge\evidence\market-frame-1400-painted.png (114473 bytes) status=flutter-first-frame
[bridge:market] saved C:\Users\Administrator.user-HP\AndroidStudioProjects\amana\glass-preview-bridge\evidence\market-frame-1408-painted.png (114473 bytes) status=flutter-first-frame
[bridge:market] saved C:\Users\Administrator.user-HP\AndroidStudioProjects\amana\glass-preview-bridge\evidence\market-frame-1416-painted.png (114473 bytes) status=flutter-first-frame
[bridge:market] saved C:\Users\Administrator.user-HP\AndroidStudioProjects\amana\glass-preview-bridge\evidence\market-frame-1424-painted.png (114473 bytes) status=flutter-first-frame
[bridge:market] saved C:\Users\Administrator.user-HP\AndroidStudioProjects\amana\glass-preview-bridge\evidence\market-frame-1432-painted.png (114473 bytes) status=flutter-first-frame
[bridge:market] saved C:\Users\Administrator.user-HP\AndroidStudioProjects\amana\glass-preview-bridge\evidence\market-frame-1440-painted.png (114473 bytes) status=flutter-first-frame
[bridge:market] saved C:\Users\Administrator.user-HP\AndroidStudioProjects\amana\glass-preview-bridge\evidence\market-frame-1448-painted.png (114473 bytes) status=flutter-first-frame
[bridge:market] saved C:\Users\Administrator.user-HP\AndroidStudioProjects\amana\glass-preview-bridge\evidence\market-frame-1456-painted.png (114473 bytes) status=flutter-first-frame
[bridge:market] saved C:\Users\Administrator.user-HP\AndroidStudioProjects\amana\glass-preview-bridge\evidence\market-frame-1464-painted.png (114473 bytes) status=flutter-first-frame
[bridge:market] saved C:\Users\Administrator.user-HP\AndroidStudioProjects\amana\glass-preview-bridge\evidence\market-frame-1472-painted.png (114473 bytes) status=flutter-first-frame
[bridge:market] saved C:\Users\Administrator.user-HP\AndroidStudioProjects\amana\glass-preview-bridge\evidence\market-frame-1480-painted.png (114473 bytes) status=flutter-first-frame
[bridge:market] saved C:\Users\Administrator.user-HP\AndroidStudioProjects\amana\glass-preview-bridge\evidence\market-frame-1488-painted.png (114473 bytes) status=flutter-first-frame
[bridge:market] saved C:\Users\Administrator.user-HP\AndroidStudioProjects\amana\glass-preview-bridge\evidence\market-frame-1496-painted.png (114473 bytes) status=flutter-first-frame
[bridge:market] saved C:\Users\Administrator.user-HP\AndroidStudioProjects\amana\glass-preview-bridge\evidence\market-frame-1504-painted.png (114473 bytes) status=flutter-first-frame
[bridge:market] saved C:\Users\Administrator.user-HP\AndroidStudioProjects\amana\glass-preview-bridge\evidence\market-frame-1512-painted.png (114473 bytes) status=flutter-first-frame
[bridge:market] saved C:\Users\Administrator.user-HP\AndroidStudioProjects\amana\glass-preview-bridge\evidence\market-frame-1520-painted.png (114473 bytes) status=flutter-first-frame
[bridge:market] saved C:\Users\Administrator.user-HP\AndroidStudioProjects\amana\glass-preview-bridge\evidence\market-frame-1528-painted.png (114473 bytes) status=flutter-first-frame
[bridge:market] saved C:\Users\Administrator.user-HP\AndroidStudioProjects\amana\glass-preview-bridge\evidence\market-frame-1536-painted.png (114473 bytes) status=flutter-first-frame
[bridge:market] saved C:\Users\Administrator.user-HP\AndroidStudioProjects\amana\glass-preview-bridge\evidence\market-frame-1544-painted.png (114473 bytes) status=flutter-first-frame
[bridge:market] saved C:\Users\Administrator.user-HP\AndroidStudioProjects\amana\glass-preview-bridge\evidence\market-frame-1552-painted.png (114473 bytes) status=flutter-first-frame
[bridge:market] saved C:\Users\Administrator.user-HP\AndroidStudioProjects\amana\glass-preview-bridge\evidence\market-frame-1560-painted.png (114473 bytes) status=flutter-first-frame
[bridge:market] saved C:\Users\Administrator.user-HP\AndroidStudioProjects\amana\glass-preview-bridge\evidence\market-frame-1568-painted.png (114473 bytes) status=flutter-first-frame
[bridge:market] saved C:\Users\Administrator.user-HP\AndroidStudioProjects\amana\glass-preview-bridge\evidence\market-frame-1576-painted.png (114473 bytes) status=flutter-first-frame
[bridge:market] saved C:\Users\Administrator.user-HP\AndroidStudioProjects\amana\glass-preview-bridge\evidence\market-frame-1584-painted.png (114473 bytes) status=flutter-first-frame
[bridge:market] saved C:\Users\Administrator.user-HP\AndroidStudioProjects\amana\glass-preview-bridge\evidence\market-frame-1592-painted.png (114473 bytes) status=flutter-first-frame
[bridge:market] saved C:\Users\Administrator.user-HP\AndroidStudioProjects\amana\glass-preview-bridge\evidence\market-frame-1600-painted.png (114473 bytes) status=flutter-first-frame
[bridge:market] saved C:\Users\Administrator.user-HP\AndroidStudioProjects\amana\glass-preview-bridge\evidence\market-frame-1608-painted.png (114473 bytes) status=flutter-first-frame
[bridge:market] saved C:\Users\Administrator.user-HP\AndroidStudioProjects\amana\glass-preview-bridge\evidence\market-frame-1616-painted.png (114473 bytes) status=flutter-first-frame
[bridge:market] saved C:\Users\Administrator.user-HP\AndroidStudioProjects\amana\glass-preview-bridge\evidence\market-frame-1624-painted.png (114473 bytes) status=flutter-first-frame
[bridge:market] saved C:\Users\Administrator.user-HP\AndroidStudioProjects\amana\glass-preview-bridge\evidence\market-frame-1632-painted.png (114473 bytes) status=flutter-first-frame
[bridge:market] saved C:\Users\Administrator.user-HP\AndroidStudioProjects\amana\glass-preview-bridge\evidence\market-frame-1640-painted.png (114473 bytes) status=flutter-first-frame
[bridge:market] saved C:\Users\Administrator.user-HP\AndroidStudioProjects\amana\glass-preview-bridge\evidence\market-frame-1648-painted.png (114473 bytes) status=flutter-first-frame
[bridge:market] saved C:\Users\Administrator.user-HP\AndroidStudioProjects\amana\glass-preview-bridge\evidence\market-frame-1656-painted.png (114473 bytes) status=flutter-first-frame
[bridge:market] saved C:\Users\Administrator.user-HP\AndroidStudioProjects\amana\glass-preview-bridge\evidence\market-frame-1664-painted.png (114473 bytes) status=flutter-first-frame
[bridge:market] saved C:\Users\Administrator.user-HP\AndroidStudioProjects\amana\glass-preview-bridge\evidence\market-frame-1672-painted.png (114473 bytes) status=flutter-first-frame
[bridge:market] saved C:\Users\Administrator.user-HP\AndroidStudioProjects\amana\glass-preview-bridge\evidence\market-frame-1680-painted.png (114473 bytes) status=flutter-first-frame
[bridge:market] saved C:\Users\Administrator.user-HP\AndroidStudioProjects\amana\glass-preview-bridge\evidence\market-frame-1688-painted.png (114473 bytes) status=flutter-first-frame
[bridge:market] saved C:\Users\Administrator.user-HP\AndroidStudioProjects\amana\glass-preview-bridge\evidence\market-frame-1696-painted.png (114473 bytes) status=flutter-first-frame
[bridge:market] saved C:\Users\Administrator.user-HP\AndroidStudioProjects\amana\glass-preview-bridge\evidence\market-frame-1704-painted.png (114473 bytes) status=flutter-first-frame
[bridge:market] saved C:\Users\Administrator.user-HP\AndroidStudioProjects\amana\glass-preview-bridge\evidence\market-frame-1712-painted.png (114473 bytes) status=flutter-first-frame
[bridge:market] saved C:\Users\Administrator.user-HP\AndroidStudioProjects\amana\glass-preview-bridge\evidence\market-frame-1720-painted.png (114473 bytes) status=flutter-first-frame
[bridge:market] saved C:\Users\Administrator.user-HP\AndroidStudioProjects\amana\glass-preview-bridge\evidence\market-frame-1728-painted.png (114473 bytes) status=flutter-first-frame
[bridge:market] saved C:\Users\Administrator.user-HP\AndroidStudioProjects\amana\glass-preview-bridge\evidence\market-frame-1736-painted.png (114473 bytes) status=flutter-first-frame
[bridge:market] saved C:\Users\Administrator.user-HP\AndroidStudioProjects\amana\glass-preview-bridge\evidence\market-frame-1744-painted.png (114473 bytes) status=flutter-first-frame
[bridge:market] saved C:\Users\Administrator.user-HP\AndroidStudioProjects\amana\glass-preview-bridge\evidence\market-frame-1752-painted.png (114473 bytes) status=flutter-first-frame
[bridge:market] saved C:\Users\Administrator.user-HP\AndroidStudioProjects\amana\glass-preview-bridge\evidence\market-frame-1760-painted.png (114473 bytes) status=flutter-first-frame
[bridge:market] saved C:\Users\Administrator.user-HP\AndroidStudioProjects\amana\glass-preview-bridge\evidence\market-frame-1768-painted.png (114473 bytes) status=flutter-first-frame
[bridge:market] saved C:\Users\Administrator.user-HP\AndroidStudioProjects\amana\glass-preview-bridge\evidence\market-frame-1776-painted.png (114473 bytes) status=flutter-first-frame
[bridge:market] saved C:\Users\Administrator.user-HP\AndroidStudioProjects\amana\glass-preview-bridge\evidence\market-frame-1784-painted.png (114473 bytes) status=flutter-first-frame
[bridge:market] saved C:\Users\Administrator.user-HP\AndroidStudioProjects\amana\glass-preview-bridge\evidence\market-frame-1792-painted.png (114473 bytes) status=flutter-first-frame
[bridge:market] saved C:\Users\Administrator.user-HP\AndroidStudioProjects\amana\glass-preview-bridge\evidence\market-frame-1800-painted.png (114473 bytes) status=flutter-first-frame
[bridge:market] saved C:\Users\Administrator.user-HP\AndroidStudioProjects\amana\glass-preview-bridge\evidence\market-frame-1808-painted.png (114473 bytes) status=flutter-first-frame
[bridge:market] saved C:\Users\Administrator.user-HP\AndroidStudioProjects\amana\glass-preview-bridge\evidence\market-frame-1816-painted.png (114473 bytes) status=flutter-first-frame
[bridge:market] saved C:\Users\Administrator.user-HP\AndroidStudioProjects\amana\glass-preview-bridge\evidence\market-frame-1824-painted.png (114473 bytes) status=flutter-first-frame
[bridge:market] saved C:\Users\Administrator.user-HP\AndroidStudioProjects\amana\glass-preview-bridge\evidence\market-frame-1832-painted.png (114473 bytes) status=flutter-first-frame
[bridge:market] saved C:\Users\Administrator.user-HP\AndroidStudioProjects\amana\glass-preview-bridge\evidence\market-frame-1840-painted.png (114473 bytes) status=flutter-first-frame
[bridge:market] saved C:\Users\Administrator.user-HP\AndroidStudioProjects\amana\glass-preview-bridge\evidence\market-frame-1848-painted.png (114473 bytes) status=flutter-first-frame
[bridge:market] saved C:\Users\Administrator.user-HP\AndroidStudioProjects\amana\glass-preview-bridge\evidence\market-frame-1856-painted.png (114473 bytes) status=flutter-first-frame
[bridge:market] saved C:\Users\Administrator.user-HP\AndroidStudioProjects\amana\glass-preview-bridge\evidence\market-frame-1864-painted.png (114473 bytes) status=flutter-first-frame
[bridge:market] saved C:\Users\Administrator.user-HP\AndroidStudioProjects\amana\glass-preview-bridge\evidence\market-frame-1872-painted.png (114473 bytes) status=flutter-first-frame
[bridge:market] saved C:\Users\Administrator.user-HP\AndroidStudioProjects\amana\glass-preview-bridge\evidence\market-frame-1880-painted.png (114473 bytes) status=flutter-first-frame
[bridge:market] saved C:\Users\Administrator.user-HP\AndroidStudioProjects\amana\glass-preview-bridge\evidence\market-frame-1888-painted.png (114473 bytes) status=flutter-first-frame
[bridge:market] saved C:\Users\Administrator.user-HP\AndroidStudioProjects\amana\glass-preview-bridge\evidence\market-frame-1896-painted.png (114473 bytes) status=flutter-first-frame
[bridge:market] saved C:\Users\Administrator.user-HP\AndroidStudioProjects\amana\glass-preview-bridge\evidence\market-frame-1904-painted.png (114473 bytes) status=flutter-first-frame
[bridge:market] saved C:\Users\Administrator.user-HP\AndroidStudioProjects\amana\glass-preview-bridge\evidence\market-frame-1912-painted.png (114473 bytes) status=flutter-first-frame
[bridge:market] saved C:\Users\Administrator.user-HP\AndroidStudioProjects\amana\glass-preview-bridge\evidence\market-frame-1920-painted.png (114473 bytes) status=flutter-first-frame
[bridge:market] saved C:\Users\Administrator.user-HP\AndroidStudioProjects\amana\glass-preview-bridge\evidence\market-frame-1928-painted.png (114473 bytes) status=flutter-first-frame
[bridge:market] saved C:\Users\Administrator.user-HP\AndroidStudioProjects\amana\glass-preview-bridge\evidence\market-frame-1936-painted.png (114473 bytes) status=flutter-first-frame
[bridge:market] saved C:\Users\Administrator.user-HP\AndroidStudioProjects\amana\glass-preview-bridge\evidence\market-frame-1944-painted.png (114473 bytes) status=flutter-first-frame
[bridge:market] saved C:\Users\Administrator.user-HP\AndroidStudioProjects\amana\glass-preview-bridge\evidence\market-frame-1952-painted.png (114473 bytes) status=flutter-first-frame
[bridge:market] saved C:\Users\Administrator.user-HP\AndroidStudioProjects\amana\glass-preview-bridge\evidence\market-frame-1960-painted.png (114473 bytes) status=flutter-first-frame
[bridge:market] saved C:\Users\Administrator.user-HP\AndroidStudioProjects\amana\glass-preview-bridge\evidence\market-frame-1968-painted.png (114473 bytes) status=flutter-first-frame
[bridge:market] saved C:\Users\Administrator.user-HP\AndroidStudioProjects\amana\glass-preview-bridge\evidence\market-frame-1976-painted.png (114473 bytes) status=flutter-first-frame
[bridge:market] saved C:\Users\Administrator.user-HP\AndroidStudioProjects\amana\glass-preview-bridge\evidence\market-frame-1984-painted.png (114473 bytes) status=flutter-first-frame
[bridge:market] saved C:\Users\Administrator.user-HP\AndroidStudioProjects\amana\glass-preview-bridge\evidence\market-frame-1992-painted.png (114473 bytes) status=flutter-first-frame
[bridge:market] saved C:\Users\Administrator.user-HP\AndroidStudioProjects\amana\glass-preview-bridge\evidence\market-frame-2000-painted.png (114473 bytes) status=flutter-first-frame
[bridge:market] saved C:\Users\Administrator.user-HP\AndroidStudioProjects\amana\glass-preview-bridge\evidence\market-frame-2008-painted.png (114473 bytes) status=flutter-first-frame
[bridge:market] saved C:\Users\Administrator.user-HP\AndroidStudioProjects\amana\glass-preview-bridge\evidence\market-frame-2016-painted.png (114473 bytes) status=flutter-first-frame
[bridge:market] saved C:\Users\Administrator.user-HP\AndroidStudioProjects\amana\glass-preview-bridge\evidence\market-frame-2024-painted.png (114473 bytes) status=flutter-first-frame
[bridge:market] saved C:\Users\Administrator.user-HP\AndroidStudioProjects\amana\glass-preview-bridge\evidence\market-frame-2032-painted.png (114473 bytes) status=flutter-first-frame
[bridge:market] saved C:\Users\Administrator.user-HP\AndroidStudioProjects\amana\glass-preview-bridge\evidence\market-frame-2040-painted.png (114473 bytes) status=flutter-first-frame
[bridge:market] saved C:\Users\Administrator.user-HP\AndroidStudioProjects\amana\glass-preview-bridge\evidence\market-frame-2048-painted.png (114473 bytes) status=flutter-first-frame
[bridge:market] saved C:\Users\Administrator.user-HP\AndroidStudioProjects\amana\glass-preview-bridge\evidence\market-frame-2056-painted.png (114473 bytes) status=flutter-first-frame
[bridge:market] saved C:\Users\Administrator.user-HP\AndroidStudioProjects\amana\glass-preview-bridge\evidence\market-frame-2064-painted.png (114473 bytes) status=flutter-first-frame
[bridge:market] saved C:\Users\Administrator.user-HP\AndroidStudioProjects\amana\glass-preview-bridge\evidence\market-frame-2072-painted.png (114473 bytes) status=flutter-first-frame
[bridge:market] saved C:\Users\Administrator.user-HP\AndroidStudioProjects\amana\glass-preview-bridge\evidence\market-frame-2080-painted.png (114473 bytes) status=flutter-first-frame
[bridge:market] saved C:\Users\Administrator.user-HP\AndroidStudioProjects\amana\glass-preview-bridge\evidence\market-frame-2088-painted.png (114473 bytes) status=flutter-first-frame
[bridge:market] saved C:\Users\Administrator.user-HP\AndroidStudioProjects\amana\glass-preview-bridge\evidence\market-frame-2096-painted.png (114473 bytes) status=flutter-first-frame
[bridge:market] saved C:\Users\Administrator.user-HP\AndroidStudioProjects\amana\glass-preview-bridge\evidence\market-frame-2104-painted.png (114473 bytes) status=flutter-first-frame
[bridge:market] saved C:\Users\Administrator.user-HP\AndroidStudioProjects\amana\glass-preview-bridge\evidence\market-frame-2112-painted.png (114473 bytes) status=flutter-first-frame
[bridge:market] saved C:\Users\Administrator.user-HP\AndroidStudioProjects\amana\glass-preview-bridge\evidence\market-frame-2120-painted.png (114473 bytes) status=flutter-first-frame
[bridge:market] saved C:\Users\Administrator.user-HP\AndroidStudioProjects\amana\glass-preview-bridge\evidence\market-frame-2128-painted.png (114473 bytes) status=flutter-first-frame
[bridge:market] saved C:\Users\Administrator.user-HP\AndroidStudioProjects\amana\glass-preview-bridge\evidence\market-frame-2136-painted.png (114473 bytes) status=flutter-first-frame
[bridge:market] saved C:\Users\Administrator.user-HP\AndroidStudioProjects\amana\glass-preview-bridge\evidence\market-frame-2144-painted.png (114473 bytes) status=flutter-first-frame
[bridge:market] saved C:\Users\Administrator.user-HP\AndroidStudioProjects\amana\glass-preview-bridge\evidence\market-frame-2152-painted.png (114473 bytes) status=flutter-first-frame
[bridge:market] saved C:\Users\Administrator.user-HP\AndroidStudioProjects\amana\glass-preview-bridge\evidence\market-frame-2160-painted.png (114473 bytes) status=flutter-first-frame
[bridge:market] saved C:\Users\Administrator.user-HP\AndroidStudioProjects\amana\glass-preview-bridge\evidence\market-frame-2168-painted.png (114473 bytes) status=flutter-first-frame
[bridge:market] saved C:\Users\Administrator.user-HP\AndroidStudioProjects\amana\glass-preview-bridge\evidence\market-frame-2176-painted.png (114473 bytes) status=flutter-first-frame
[bridge:market] saved C:\Users\Administrator.user-HP\AndroidStudioProjects\amana\glass-preview-bridge\evidence\market-frame-2184-painted.png (114473 bytes) status=flutter-first-frame
[bridge:market] saved C:\Users\Administrator.user-HP\AndroidStudioProjects\amana\glass-preview-bridge\evidence\market-frame-2192-painted.png (114473 bytes) status=flutter-first-frame
[bridge:market] saved C:\Users\Administrator.user-HP\AndroidStudioProjects\amana\glass-preview-bridge\evidence\market-frame-2200-painted.png (114473 bytes) status=flutter-first-frame
[bridge:market] saved C:\Users\Administrator.user-HP\AndroidStudioProjects\amana\glass-preview-bridge\evidence\market-frame-2208-painted.png (114473 bytes) status=flutter-first-frame
[bridge:market] saved C:\Users\Administrator.user-HP\AndroidStudioProjects\amana\glass-preview-bridge\evidence\market-frame-2216-painted.png (114473 bytes) status=flutter-first-frame
[bridge:market] saved C:\Users\Administrator.user-HP\AndroidStudioProjects\amana\glass-preview-bridge\evidence\market-frame-2224-painted.png (114473 bytes) status=flutter-first-frame
[bridge:market] saved C:\Users\Administrator.user-HP\AndroidStudioProjects\amana\glass-preview-bridge\evidence\market-frame-2232-painted.png (114473 bytes) status=flutter-first-frame
[bridge:market] saved C:\Users\Administrator.user-HP\AndroidStudioProjects\amana\glass-preview-bridge\evidence\market-frame-2240-painted.png (114473 bytes) status=flutter-first-frame
[bridge:market] saved C:\Users\Administrator.user-HP\AndroidStudioProjects\amana\glass-preview-bridge\evidence\market-frame-2248-painted.png (114473 bytes) status=flutter-first-frame
[bridge:market] saved C:\Users\Administrator.user-HP\AndroidStudioProjects\amana\glass-preview-bridge\evidence\market-frame-2256-painted.png (114473 bytes) status=flutter-first-frame
[bridge:market] saved C:\Users\Administrator.user-HP\AndroidStudioProjects\amana\glass-preview-bridge\evidence\market-frame-2264-painted.png (114473 bytes) status=flutter-first-frame
[bridge:market] saved C:\Users\Administrator.user-HP\AndroidStudioProjects\amana\glass-preview-bridge\evidence\market-frame-2272-painted.png (114473 bytes) status=flutter-first-frame
[bridge:market] saved C:\Users\Administrator.user-HP\AndroidStudioProjects\amana\glass-preview-bridge\evidence\market-frame-2280-painted.png (114473 bytes) status=flutter-first-frame
[bridge:market] saved C:\Users\Administrator.user-HP\AndroidStudioProjects\amana\glass-preview-bridge\evidence\market-frame-2288-painted.png (114473 bytes) status=flutter-first-frame
[bridge:market] saved C:\Users\Administrator.user-HP\AndroidStudioProjects\amana\glass-preview-bridge\evidence\market-frame-2296-painted.png (114473 bytes) status=flutter-first-frame
[bridge:market] saved C:\Users\Administrator.user-HP\AndroidStudioProjects\amana\glass-preview-bridge\evidence\market-frame-2304-painted.png (114473 bytes) status=flutter-first-frame
[bridge:market] saved C:\Users\Administrator.user-HP\AndroidStudioProjects\amana\glass-preview-bridge\evidence\market-frame-2312-painted.png (114473 bytes) status=flutter-first-frame
[bridge:market] saved C:\Users\Administrator.user-HP\AndroidStudioProjects\amana\glass-preview-bridge\evidence\market-frame-2320-painted.png (114473 bytes) status=flutter-first-frame
[bridge:market] saved C:\Users\Administrator.user-HP\AndroidStudioProjects\amana\glass-preview-bridge\evidence\market-frame-2328-painted.png (114473 bytes) status=flutter-first-frame
[bridge:market] saved C:\Users\Administrator.user-HP\AndroidStudioProjects\amana\glass-preview-bridge\evidence\market-frame-2336-painted.png (114473 bytes) status=flutter-first-frame
[bridge:market] saved C:\Users\Administrator.user-HP\AndroidStudioProjects\amana\glass-preview-bridge\evidence\market-frame-2344-painted.png (114473 bytes) status=flutter-first-frame
[bridge:market] saved C:\Users\Administrator.user-HP\AndroidStudioProjects\amana\glass-preview-bridge\evidence\market-frame-2352-painted.png (114473 bytes) status=flutter-first-frame
[bridge:market] saved C:\Users\Administrator.user-HP\AndroidStudioProjects\amana\glass-preview-bridge\evidence\market-frame-2360-painted.png (114473 bytes) status=flutter-first-frame
[bridge:market] saved C:\Users\Administrator.user-HP\AndroidStudioProjects\amana\glass-preview-bridge\evidence\market-frame-2368-painted.png (114473 bytes) status=flutter-first-frame
[bridge:market] saved C:\Users\Administrator.user-HP\AndroidStudioProjects\amana\glass-preview-bridge\evidence\market-frame-2376-painted.png (114473 bytes) status=flutter-first-frame
[bridge:market] saved C:\Users\Administrator.user-HP\AndroidStudioProjects\amana\glass-preview-bridge\evidence\market-frame-2384-painted.png (114473 bytes) status=flutter-first-frame
[bridge:market] saved C:\Users\Administrator.user-HP\AndroidStudioProjects\amana\glass-preview-bridge\evidence\market-frame-2392-painted.png (114473 bytes) status=flutter-first-frame
[bridge:market] saved C:\Users\Administrator.user-HP\AndroidStudioProjects\amana\glass-preview-bridge\evidence\market-frame-2400-painted.png (114473 bytes) status=flutter-first-frame
[bridge:market] saved C:\Users\Administrator.user-HP\AndroidStudioProjects\amana\glass-preview-bridge\evidence\market-frame-2408-painted.png (114473 bytes) status=flutter-first-frame
[bridge:market] saved C:\Users\Administrator.user-HP\AndroidStudioProjects\amana\glass-preview-bridge\evidence\market-frame-2416-painted.png (114473 bytes) status=flutter-first-frame
[bridge:market] saved C:\Users\Administrator.user-HP\AndroidStudioProjects\amana\glass-preview-bridge\evidence\market-frame-2424-painted.png (114473 bytes) status=flutter-first-frame
[bridge:market] saved C:\Users\Administrator.user-HP\AndroidStudioProjects\amana\glass-preview-bridge\evidence\market-frame-2432-painted.png (114473 bytes) status=flutter-first-frame
[bridge:market] saved C:\Users\Administrator.user-HP\AndroidStudioProjects\amana\glass-preview-bridge\evidence\market-frame-2440-painted.png (114473 bytes) status=flutter-first-frame
[bridge:market] saved C:\Users\Administrator.user-HP\AndroidStudioProjects\amana\glass-preview-bridge\evidence\market-frame-2448-painted.png (114473 bytes) status=flutter-first-frame
[bridge:market] saved C:\Users\Administrator.user-HP\AndroidStudioProjects\amana\glass-preview-bridge\evidence\market-frame-2456-painted.png (114473 bytes) status=flutter-first-frame
[bridge:market] saved C:\Users\Administrator.user-HP\AndroidStudioProjects\amana\glass-preview-bridge\evidence\market-frame-2464-painted.png (114473 bytes) status=flutter-first-frame
[bridge:market] saved C:\Users\Administrator.user-HP\AndroidStudioProjects\amana\glass-preview-bridge\evidence\market-frame-2472-painted.png (114473 bytes) status=flutter-first-frame
[bridge:market] saved C:\Users\Administrator.user-HP\AndroidStudioProjects\amana\glass-preview-bridge\evidence\market-frame-2480-painted.png (114473 bytes) status=flutter-first-frame
[bridge:market] saved C:\Users\Administrator.user-HP\AndroidStudioProjects\amana\glass-preview-bridge\evidence\market-frame-2488-painted.png (114473 bytes) status=flutter-first-frame
[bridge:market] saved C:\Users\Administrator.user-HP\AndroidStudioProjects\amana\glass-preview-bridge\evidence\market-frame-2496-painted.png (114473 bytes) status=flutter-first-frame
[bridge:market] saved C:\Users\Administrator.user-HP\AndroidStudioProjects\amana\glass-preview-bridge\evidence\market-frame-2504-painted.png (114473 bytes) status=flutter-first-frame
[bridge:market] saved C:\Users\Administrator.user-HP\AndroidStudioProjects\amana\glass-preview-bridge\evidence\market-frame-2512-painted.png (114473 bytes) status=flutter-first-frame
[bridge:market] saved C:\Users\Administrator.user-HP\AndroidStudioProjects\amana\glass-preview-bridge\evidence\market-frame-2520-painted.png (114473 bytes) status=flutter-first-frame
[bridge:market] saved C:\Users\Administrator.user-HP\AndroidStudioProjects\amana\glass-preview-bridge\evidence\market-frame-2528-painted.png (114473 bytes) status=flutter-first-frame
[bridge:market] saved C:\Users\Administrator.user-HP\AndroidStudioProjects\amana\glass-preview-bridge\evidence\market-frame-2536-painted.png (114473 bytes) status=flutter-first-frame
[bridge:market] saved C:\Users\Administrator.user-HP\AndroidStudioProjects\amana\glass-preview-bridge\evidence\market-frame-2544-painted.png (114473 bytes) status=flutter-first-frame
[bridge:market] saved C:\Users\Administrator.user-HP\AndroidStudioProjects\amana\glass-preview-bridge\evidence\market-frame-2552-painted.png (114473 bytes) status=flutter-first-frame
[bridge:market] saved C:\Users\Administrator.user-HP\AndroidStudioProjects\amana\glass-preview-bridge\evidence\market-frame-2560-painted.png (114473 bytes) status=flutter-first-frame
[bridge:market] saved C:\Users\Administrator.user-HP\AndroidStudioProjects\amana\glass-preview-bridge\evidence\market-frame-2568-painted.png (114473 bytes) status=flutter-first-frame
[bridge:market] saved C:\Users\Administrator.user-HP\AndroidStudioProjects\amana\glass-preview-bridge\evidence\market-frame-2576-painted.png (114473 bytes) status=flutter-first-frame
[bridge:market] saved C:\Users\Administrator.user-HP\AndroidStudioProjects\amana\glass-preview-bridge\evidence\market-frame-2584-painted.png (114473 bytes) status=flutter-first-frame
[bridge:market] saved C:\Users\Administrator.user-HP\AndroidStudioProjects\amana\glass-preview-bridge\evidence\market-frame-2592-painted.png (114473 bytes) status=flutter-first-frame
[bridge:market] saved C:\Users\Administrator.user-HP\AndroidStudioProjects\amana\glass-preview-bridge\evidence\market-frame-2600-painted.png (114473 bytes) status=flutter-first-frame
[bridge:market] saved C:\Users\Administrator.user-HP\AndroidStudioProjects\amana\glass-preview-bridge\evidence\market-frame-2608-painted.png (114473 bytes) status=flutter-first-frame
[bridge:market] saved C:\Users\Administrator.user-HP\AndroidStudioProjects\amana\glass-preview-bridge\evidence\market-frame-2616-painted.png (114473 bytes) status=flutter-first-frame
[bridge:market] saved C:\Users\Administrator.user-HP\AndroidStudioProjects\amana\glass-preview-bridge\evidence\market-frame-2624-painted.png (114473 bytes) status=flutter-first-frame
[bridge:market] saved C:\Users\Administrator.user-HP\AndroidStudioProjects\amana\glass-preview-bridge\evidence\market-frame-2632-painted.png (114473 bytes) status=flutter-first-frame
[bridge:market] saved C:\Users\Administrator.user-HP\AndroidStudioProjects\amana\glass-preview-bridge\evidence\market-frame-2640-painted.png (114473 bytes) status=flutter-first-frame
[bridge:market] saved C:\Users\Administrator.user-HP\AndroidStudioProjects\amana\glass-preview-bridge\evidence\market-frame-2648-painted.png (114473 bytes) status=flutter-first-frame
[bridge:market] saved C:\Users\Administrator.user-HP\AndroidStudioProjects\amana\glass-preview-bridge\evidence\market-frame-2656-painted.png (114473 bytes) status=flutter-first-frame
[bridge:market] saved C:\Users\Administrator.user-HP\AndroidStudioProjects\amana\glass-preview-bridge\evidence\market-frame-2664-painted.png (114473 bytes) status=flutter-first-frame
[bridge:market] saved C:\Users\Administrator.user-HP\AndroidStudioProjects\amana\glass-preview-bridge\evidence\market-frame-2672-painted.png (114473 bytes) status=flutter-first-frame
[bridge:market] saved C:\Users\Administrator.user-HP\AndroidStudioProjects\amana\glass-preview-bridge\evidence\market-frame-2680-painted.png (114473 bytes) status=flutter-first-frame
[bridge:market] saved C:\Users\Administrator.user-HP\AndroidStudioProjects\amana\glass-preview-bridge\evidence\market-frame-2688-painted.png (114473 bytes) status=flutter-first-frame
[bridge:market] saved C:\Users\Administrator.user-HP\AndroidStudioProjects\amana\glass-preview-bridge\evidence\market-frame-2696-painted.png (114473 bytes) status=flutter-first-frame
[bridge:market] saved C:\Users\Administrator.user-HP\AndroidStudioProjects\amana\glass-preview-bridge\evidence\market-frame-2704-painted.png (114473 bytes) status=flutter-first-frame
[bridge:market] saved C:\Users\Administrator.user-HP\AndroidStudioProjects\amana\glass-preview-bridge\evidence\market-frame-2712-painted.png (114473 bytes) status=flutter-first-frame
[bridge:market] saved C:\Users\Administrator.user-HP\AndroidStudioProjects\amana\glass-preview-bridge\evidence\market-frame-2720-painted.png (114473 bytes) status=flutter-first-frame
[bridge:market] saved C:\Users\Administrator.user-HP\AndroidStudioProjects\amana\glass-preview-bridge\evidence\market-frame-2728-painted.png (114473 bytes) status=flutter-first-frame
[bridge:market] saved C:\Users\Administrator.user-HP\AndroidStudioProjects\amana\glass-preview-bridge\evidence\market-frame-2736-painted.png (114473 bytes) status=flutter-first-frame
[bridge:market] saved C:\Users\Administrator.user-HP\AndroidStudioProjects\amana\glass-preview-bridge\evidence\market-frame-2744-painted.png (114473 bytes) status=flutter-first-frame
[bridge:market] saved C:\Users\Administrator.user-HP\AndroidStudioProjects\amana\glass-preview-bridge\evidence\market-frame-2752-painted.png (114473 bytes) status=flutter-first-frame
[bridge:market] saved C:\Users\Administrator.user-HP\AndroidStudioProjects\amana\glass-preview-bridge\evidence\market-frame-2760-painted.png (114473 bytes) status=flutter-first-frame
[bridge:market] saved C:\Users\Administrator.user-HP\AndroidStudioProjects\amana\glass-preview-bridge\evidence\market-frame-2768-painted.png (114473 bytes) status=flutter-first-frame
[bridge:market] saved C:\Users\Administrator.user-HP\AndroidStudioProjects\amana\glass-preview-bridge\evidence\market-frame-2776-painted.png (114473 bytes) status=flutter-first-frame
[bridge:market] saved C:\Users\Administrator.user-HP\AndroidStudioProjects\amana\glass-preview-bridge\evidence\market-frame-2784-painted.png (114473 bytes) status=flutter-first-frame
[bridge:market] saved C:\Users\Administrator.user-HP\AndroidStudioProjects\amana\glass-preview-bridge\evidence\market-frame-2792-painted.png (114473 bytes) status=flutter-first-frame
[bridge:market] saved C:\Users\Administrator.user-HP\AndroidStudioProjects\amana\glass-preview-bridge\evidence\market-frame-2800-painted.png (114473 bytes) status=flutter-first-frame
[bridge:market] saved C:\Users\Administrator.user-HP\AndroidStudioProjects\amana\glass-preview-bridge\evidence\market-frame-2808-painted.png (114473 bytes) status=flutter-first-frame
[bridge:market] saved C:\Users\Administrator.user-HP\AndroidStudioProjects\amana\glass-preview-bridge\evidence\market-frame-2816-painted.png (114473 bytes) status=flutter-first-frame
[bridge:market] saved C:\Users\Administrator.user-HP\AndroidStudioProjects\amana\glass-preview-bridge\evidence\market-frame-2824-painted.png (114473 bytes) status=flutter-first-frame
[bridge:market] saved C:\Users\Administrator.user-HP\AndroidStudioProjects\amana\glass-preview-bridge\evidence\market-frame-2832-painted.png (114473 bytes) status=flutter-first-frame
[bridge:market] saved C:\Users\Administrator.user-HP\AndroidStudioProjects\amana\glass-preview-bridge\evidence\market-frame-2840-painted.png (114473 bytes) status=flutter-first-frame
[bridge:market] saved C:\Users\Administrator.user-HP\AndroidStudioProjects\amana\glass-preview-bridge\evidence\market-frame-2848-painted.png (114473 bytes) status=flutter-first-frame
[bridge:market] saved C:\Users\Administrator.user-HP\AndroidStudioProjects\amana\glass-preview-bridge\evidence\market-frame-2856-painted.png (114473 bytes) status=flutter-first-frame
[bridge:market] saved C:\Users\Administrator.user-HP\AndroidStudioProjects\amana\glass-preview-bridge\evidence\market-frame-2864-painted.png (114473 bytes) status=flutter-first-frame
[bridge:market] saved C:\Users\Administrator.user-HP\AndroidStudioProjects\amana\glass-preview-bridge\evidence\market-frame-2872-painted.png (114473 bytes) status=flutter-first-frame
[bridge:market] saved C:\Users\Administrator.user-HP\AndroidStudioProjects\amana\glass-preview-bridge\evidence\market-frame-2880-painted.png (114473 bytes) status=flutter-first-frame
[bridge:market] saved C:\Users\Administrator.user-HP\AndroidStudioProjects\amana\glass-preview-bridge\evidence\market-frame-2888-painted.png (114473 bytes) status=flutter-first-frame
[bridge:market] saved C:\Users\Administrator.user-HP\AndroidStudioProjects\amana\glass-preview-bridge\evidence\market-frame-2896-painted.png (114473 bytes) status=flutter-first-frame
[bridge:market] saved C:\Users\Administrator.user-HP\AndroidStudioProjects\amana\glass-preview-bridge\evidence\market-frame-2904-painted.png (114473 bytes) status=flutter-first-frame
[bridge:market] saved C:\Users\Administrator.user-HP\AndroidStudioProjects\amana\glass-preview-bridge\evidence\market-frame-2912-painted.png (114473 bytes) status=flutter-first-frame
[bridge:market] saved C:\Users\Administrator.user-HP\AndroidStudioProjects\amana\glass-preview-bridge\evidence\market-frame-2920-painted.png (114473 bytes) status=flutter-first-frame
[bridge:market] saved C:\Users\Administrator.user-HP\AndroidStudioProjects\amana\glass-preview-bridge\evidence\market-frame-2928-painted.png (114473 bytes) status=flutter-first-frame
[bridge:market] saved C:\Users\Administrator.user-HP\AndroidStudioProjects\amana\glass-preview-bridge\evidence\market-frame-2936-painted.png (114473 bytes) status=flutter-first-frame
[bridge:market] saved C:\Users\Administrator.user-HP\AndroidStudioProjects\amana\glass-preview-bridge\evidence\market-frame-2944-painted.png (114473 bytes) status=flutter-first-frame
[bridge:market] saved C:\Users\Administrator.user-HP\AndroidStudioProjects\amana\glass-preview-bridge\evidence\market-frame-2952-painted.png (114473 bytes) status=flutter-first-frame
[bridge:market] saved C:\Users\Administrator.user-HP\AndroidStudioProjects\amana\glass-preview-bridge\evidence\market-frame-2960-painted.png (114473 bytes) status=flutter-first-frame
[bridge:market] saved C:\Users\Administrator.user-HP\AndroidStudioProjects\amana\glass-preview-bridge\evidence\market-frame-2968-painted.png (114473 bytes) status=flutter-first-frame
[bridge:market] saved C:\Users\Administrator.user-HP\AndroidStudioProjects\amana\glass-preview-bridge\evidence\market-frame-2976-painted.png (114473 bytes) status=flutter-first-frame
[bridge:market] saved C:\Users\Administrator.user-HP\AndroidStudioProjects\amana\glass-preview-bridge\evidence\market-frame-2984-painted.png (114473 bytes) status=flutter-first-frame
[bridge:market] saved C:\Users\Administrator.user-HP\AndroidStudioProjects\amana\glass-preview-bridge\evidence\market-frame-2992-painted.png (114473 bytes) status=flutter-first-frame
[bridge:market] saved C:\Users\Administrator.user-HP\AndroidStudioProjects\amana\glass-preview-bridge\evidence\market-frame-3000-painted.png (114473 bytes) status=flutter-first-frame
[bridge:market] saved C:\Users\Administrator.user-HP\AndroidStudioProjects\amana\glass-preview-bridge\evidence\market-frame-3008-painted.png (114473 bytes) status=flutter-first-frame
[bridge:market] saved C:\Users\Administrator.user-HP\AndroidStudioProjects\amana\glass-preview-bridge\evidence\market-frame-3016-painted.png (114473 bytes) status=flutter-first-frame
[bridge:market] saved C:\Users\Administrator.user-HP\AndroidStudioProjects\amana\glass-preview-bridge\evidence\market-frame-3024-painted.png (114473 bytes) status=flutter-first-frame
[bridge:market] saved C:\Users\Administrator.user-HP\AndroidStudioProjects\amana\glass-preview-bridge\evidence\market-frame-3032-painted.png (114473 bytes) status=flutter-first-frame
[bridge:market] saved C:\Users\Administrator.user-HP\AndroidStudioProjects\amana\glass-preview-bridge\evidence\market-frame-3040-painted.png (114473 bytes) status=flutter-first-frame
[bridge:market] saved C:\Users\Administrator.user-HP\AndroidStudioProjects\amana\glass-preview-bridge\evidence\market-frame-3048-painted.png (114473 bytes) status=flutter-first-frame
[bridge:market] saved C:\Users\Administrator.user-HP\AndroidStudioProjects\amana\glass-preview-bridge\evidence\market-frame-3056-painted.png (114473 bytes) status=flutter-first-frame
[bridge:market] saved C:\Users\Administrator.user-HP\AndroidStudioProjects\amana\glass-preview-bridge\evidence\market-frame-3064-painted.png (114473 bytes) status=flutter-first-frame
[bridge:market] saved C:\Users\Administrator.user-HP\AndroidStudioProjects\amana\glass-preview-bridge\evidence\market-frame-3072-painted.png (114473 bytes) status=flutter-first-frame
[bridge:market] saved C:\Users\Administrator.user-HP\AndroidStudioProjects\amana\glass-preview-bridge\evidence\market-frame-3080-painted.png (114473 bytes) status=flutter-first-frame
[bridge:market] saved C:\Users\Administrator.user-HP\AndroidStudioProjects\amana\glass-preview-bridge\evidence\market-frame-3088-painted.png (114473 bytes) status=flutter-first-frame
[bridge:market] saved C:\Users\Administrator.user-HP\AndroidStudioProjects\amana\glass-preview-bridge\evidence\market-frame-3096-painted.png (114473 bytes) status=flutter-first-frame
[bridge:market] saved C:\Users\Administrator.user-HP\AndroidStudioProjects\amana\glass-preview-bridge\evidence\market-frame-3104-painted.png (114473 bytes) status=flutter-first-frame
[bridge:market] saved C:\Users\Administrator.user-HP\AndroidStudioProjects\amana\glass-preview-bridge\evidence\market-frame-3112-painted.png (114473 bytes) status=flutter-first-frame
[bridge:market] saved C:\Users\Administrator.user-HP\AndroidStudioProjects\amana\glass-preview-bridge\evidence\market-frame-3120-painted.png (114473 bytes) status=flutter-first-frame
[bridge:market] saved C:\Users\Administrator.user-HP\AndroidStudioProjects\amana\glass-preview-bridge\evidence\market-frame-3128-painted.png (114473 bytes) status=flutter-first-frame
[bridge:market] saved C:\Users\Administrator.user-HP\AndroidStudioProjects\amana\glass-preview-bridge\evidence\market-frame-3136-painted.png (114473 bytes) status=flutter-first-frame
[bridge:market] saved C:\Users\Administrator.user-HP\AndroidStudioProjects\amana\glass-preview-bridge\evidence\market-frame-3144-painted.png (114473 bytes) status=flutter-first-frame
[bridge:market] saved C:\Users\Administrator.user-HP\AndroidStudioProjects\amana\glass-preview-bridge\evidence\market-frame-3152-painted.png (114473 bytes) status=flutter-first-frame
[bridge:market] saved C:\Users\Administrator.user-HP\AndroidStudioProjects\amana\glass-preview-bridge\evidence\market-frame-3160-painted.png (114473 bytes) status=flutter-first-frame
[bridge:market] saved C:\Users\Administrator.user-HP\AndroidStudioProjects\amana\glass-preview-bridge\evidence\market-frame-3168-painted.png (114473 bytes) status=flutter-first-frame
[bridge:market] saved C:\Users\Administrator.user-HP\AndroidStudioProjects\amana\glass-preview-bridge\evidence\market-frame-3176-painted.png (114473 bytes) status=flutter-first-frame
[bridge:market] saved C:\Users\Administrator.user-HP\AndroidStudioProjects\amana\glass-preview-bridge\evidence\market-frame-3184-painted.png (114473 bytes) status=flutter-first-frame
[bridge:market] saved C:\Users\Administrator.user-HP\AndroidStudioProjects\amana\glass-preview-bridge\evidence\market-frame-3192-painted.png (114473 bytes) status=flutter-first-frame
[bridge:market] saved C:\Users\Administrator.user-HP\AndroidStudioProjects\amana\glass-preview-bridge\evidence\market-frame-3200-painted.png (114473 bytes) status=flutter-first-frame
[bridge:market] saved C:\Users\Administrator.user-HP\AndroidStudioProjects\amana\glass-preview-bridge\evidence\market-frame-3208-painted.png (114473 bytes) status=flutter-first-frame
[bridge:market] saved C:\Users\Administrator.user-HP\AndroidStudioProjects\amana\glass-preview-bridge\evidence\market-frame-3216-painted.png (114473 bytes) status=flutter-first-frame
[bridge:market] saved C:\Users\Administrator.user-HP\AndroidStudioProjects\amana\glass-preview-bridge\evidence\market-frame-3224-painted.png (114473 bytes) status=flutter-first-frame
[bridge:market] saved C:\Users\Administrator.user-HP\AndroidStudioProjects\amana\glass-preview-bridge\evidence\market-frame-3232-painted.png (114473 bytes) status=flutter-first-frame
[bridge:market] saved C:\Users\Administrator.user-HP\AndroidStudioProjects\amana\glass-preview-bridge\evidence\market-frame-3240-painted.png (114473 bytes) status=flutter-first-frame
[bridge:market] saved C:\Users\Administrator.user-HP\AndroidStudioProjects\amana\glass-preview-bridge\evidence\market-frame-3248-painted.png (114473 bytes) status=flutter-first-frame
[bridge:market] saved C:\Users\Administrator.user-HP\AndroidStudioProjects\amana\glass-preview-bridge\evidence\market-frame-3256-painted.png (114473 bytes) status=flutter-first-frame
[bridge:market] saved C:\Users\Administrator.user-HP\AndroidStudioProjects\amana\glass-preview-bridge\evidence\market-frame-3264-painted.png (114473 bytes) status=flutter-first-frame
[bridge:market] saved C:\Users\Administrator.user-HP\AndroidStudioProjects\amana\glass-preview-bridge\evidence\market-frame-3272-painted.png (114473 bytes) status=flutter-first-frame
[bridge:market] saved C:\Users\Administrator.user-HP\AndroidStudioProjects\amana\glass-preview-bridge\evidence\market-frame-3280-painted.png (114473 bytes) status=flutter-first-frame
[bridge:market] saved C:\Users\Administrator.user-HP\AndroidStudioProjects\amana\glass-preview-bridge\evidence\market-frame-3288-painted.png (114473 bytes) status=flutter-first-frame
[bridge:market] saved C:\Users\Administrator.user-HP\AndroidStudioProjects\amana\glass-preview-bridge\evidence\market-frame-3296-painted.png (114473 bytes) status=flutter-first-frame
[bridge:market] saved C:\Users\Administrator.user-HP\AndroidStudioProjects\amana\glass-preview-bridge\evidence\market-frame-3304-painted.png (114473 bytes) status=flutter-first-frame
[bridge:market] saved C:\Users\Administrator.user-HP\AndroidStudioProjects\amana\glass-preview-bridge\evidence\market-frame-3312-painted.png (114473 bytes) status=flutter-first-frame
[bridge:market] saved C:\Users\Administrator.user-HP\AndroidStudioProjects\amana\glass-preview-bridge\evidence\market-frame-3320-painted.png (114473 bytes) status=flutter-first-frame
[bridge:market] saved C:\Users\Administrator.user-HP\AndroidStudioProjects\amana\glass-preview-bridge\evidence\market-frame-3328-painted.png (114473 bytes) status=flutter-first-frame
[bridge:market] saved C:\Users\Administrator.user-HP\AndroidStudioProjects\amana\glass-preview-bridge\evidence\market-frame-3336-painted.png (114473 bytes) status=flutter-first-frame
[bridge:market] saved C:\Users\Administrator.user-HP\AndroidStudioProjects\amana\glass-preview-bridge\evidence\market-frame-3344-painted.png (114473 bytes) status=flutter-first-frame
[bridge:market] saved C:\Users\Administrator.user-HP\AndroidStudioProjects\amana\glass-preview-bridge\evidence\market-frame-3352-painted.png (114473 bytes) status=flutter-first-frame
[bridge:market] saved C:\Users\Administrator.user-HP\AndroidStudioProjects\amana\glass-preview-bridge\evidence\market-frame-3360-painted.png (114473 bytes) status=flutter-first-frame
[bridge:market] saved C:\Users\Administrator.user-HP\AndroidStudioProjects\amana\glass-preview-bridge\evidence\market-frame-3368-painted.png (114473 bytes) status=flutter-first-frame
[bridge:market] saved C:\Users\Administrator.user-HP\AndroidStudioProjects\amana\glass-preview-bridge\evidence\market-frame-3376-painted.png (114473 bytes) status=flutter-first-frame
[bridge:market] saved C:\Users\Administrator.user-HP\AndroidStudioProjects\amana\glass-preview-bridge\evidence\market-frame-3384-painted.png (114473 bytes) status=flutter-first-frame
[bridge:market] saved C:\Users\Administrator.user-HP\AndroidStudioProjects\amana\glass-preview-bridge\evidence\market-frame-3392-painted.png (114473 bytes) status=flutter-first-frame
[bridge:market] saved C:\Users\Administrator.user-HP\AndroidStudioProjects\amana\glass-preview-bridge\evidence\market-frame-3400-painted.png (114473 bytes) status=flutter-first-frame
[bridge:market] saved C:\Users\Administrator.user-HP\AndroidStudioProjects\amana\glass-preview-bridge\evidence\market-frame-3408-painted.png (114473 bytes) status=flutter-first-frame
[bridge:market] saved C:\Users\Administrator.user-HP\AndroidStudioProjects\amana\glass-preview-bridge\evidence\market-frame-3416-painted.png (114473 bytes) status=flutter-first-frame
[bridge:market] saved C:\Users\Administrator.user-HP\AndroidStudioProjects\amana\glass-preview-bridge\evidence\market-frame-3424-painted.png (114473 bytes) status=flutter-first-frame
[bridge:market] saved C:\Users\Administrator.user-HP\AndroidStudioProjects\amana\glass-preview-bridge\evidence\market-frame-3432-painted.png (114473 bytes) status=flutter-first-frame
[bridge:market] saved C:\Users\Administrator.user-HP\AndroidStudioProjects\amana\glass-preview-bridge\evidence\market-frame-3440-painted.png (114473 bytes) status=flutter-first-frame
[bridge:market] saved C:\Users\Administrator.user-HP\AndroidStudioProjects\amana\glass-preview-bridge\evidence\market-frame-3448-painted.png (114473 bytes) status=flutter-first-frame
[bridge:market] saved C:\Users\Administrator.user-HP\AndroidStudioProjects\amana\glass-preview-bridge\evidence\market-frame-3456-painted.png (114473 bytes) status=flutter-first-frame
[bridge:market] saved C:\Users\Administrator.user-HP\AndroidStudioProjects\amana\glass-preview-bridge\evidence\market-frame-3464-painted.png (114473 bytes) status=flutter-first-frame
[bridge:market] saved C:\Users\Administrator.user-HP\AndroidStudioProjects\amana\glass-preview-bridge\evidence\market-frame-3472-painted.png (114473 bytes) status=flutter-first-frame
[bridge:market] saved C:\Users\Administrator.user-HP\AndroidStudioProjects\amana\glass-preview-bridge\evidence\market-frame-3480-painted.png (114473 bytes) status=flutter-first-frame
[bridge:market] saved C:\Users\Administrator.user-HP\AndroidStudioProjects\amana\glass-preview-bridge\evidence\market-frame-3488-painted.png (114473 bytes) status=flutter-first-frame
[bridge:market] saved C:\Users\Administrator.user-HP\AndroidStudioProjects\amana\glass-preview-bridge\evidence\market-frame-3496-painted.png (114473 bytes) status=flutter-first-frame
[bridge:market] saved C:\Users\Administrator.user-HP\AndroidStudioProjects\amana\glass-preview-bridge\evidence\market-frame-3504-painted.png (114473 bytes) status=flutter-first-frame
[bridge:market] saved C:\Users\Administrator.user-HP\AndroidStudioProjects\amana\glass-preview-bridge\evidence\market-frame-3512-painted.png (114473 bytes) status=flutter-first-frame
[bridge:market] saved C:\Users\Administrator.user-HP\AndroidStudioProjects\amana\glass-preview-bridge\evidence\market-frame-3520-painted.png (114473 bytes) status=flutter-first-frame
[bridge:market] saved C:\Users\Administrator.user-HP\AndroidStudioProjects\amana\glass-preview-bridge\evidence\market-frame-3528-painted.png (114473 bytes) status=flutter-first-frame
[bridge:market] saved C:\Users\Administrator.user-HP\AndroidStudioProjects\amana\glass-preview-bridge\evidence\market-frame-3536-painted.png (114473 bytes) status=flutter-first-frame
[bridge:market] saved C:\Users\Administrator.user-HP\AndroidStudioProjects\amana\glass-preview-bridge\evidence\market-frame-3544-painted.png (114473 bytes) status=flutter-first-frame
[bridge:market] saved C:\Users\Administrator.user-HP\AndroidStudioProjects\amana\glass-preview-bridge\evidence\market-frame-3552-painted.png (114473 bytes) status=flutter-first-frame
[bridge:market] saved C:\Users\Administrator.user-HP\AndroidStudioProjects\amana\glass-preview-bridge\evidence\market-frame-3560-painted.png (114473 bytes) status=flutter-first-frame
[bridge:market] saved C:\Users\Administrator.user-HP\AndroidStudioProjects\amana\glass-preview-bridge\evidence\market-frame-3568-painted.png (114473 bytes) status=flutter-first-frame
[bridge:market] saved C:\Users\Administrator.user-HP\AndroidStudioProjects\amana\glass-preview-bridge\evidence\market-frame-3576-painted.png (114473 bytes) status=flutter-first-frame
[bridge:market] saved C:\Users\Administrator.user-HP\AndroidStudioProjects\amana\glass-preview-bridge\evidence\market-frame-3584-painted.png (114473 bytes) status=flutter-first-frame
[bridge:market] saved C:\Users\Administrator.user-HP\AndroidStudioProjects\amana\glass-preview-bridge\evidence\market-frame-3592-painted.png (114473 bytes) status=flutter-first-frame
[bridge:market] saved C:\Users\Administrator.user-HP\AndroidStudioProjects\amana\glass-preview-bridge\evidence\market-frame-3600-painted.png (114473 bytes) status=flutter-first-frame
[bridge:market] saved C:\Users\Administrator.user-HP\AndroidStudioProjects\amana\glass-preview-bridge\evidence\market-frame-3608-painted.png (114473 bytes) status=flutter-first-frame
[bridge:market] saved C:\Users\Administrator.user-HP\AndroidStudioProjects\amana\glass-preview-bridge\evidence\market-frame-3616-painted.png (114473 bytes) status=flutter-first-frame
[bridge:market] saved C:\Users\Administrator.user-HP\AndroidStudioProjects\amana\glass-preview-bridge\evidence\market-frame-3624-painted.png (114473 bytes) status=flutter-first-frame
[bridge:market] saved C:\Users\Administrator.user-HP\AndroidStudioProjects\amana\glass-preview-bridge\evidence\market-frame-3632-painted.png (114473 bytes) status=flutter-first-frame
[bridge:market] saved C:\Users\Administrator.user-HP\AndroidStudioProjects\amana\glass-preview-bridge\evidence\market-frame-3640-painted.png (114473 bytes) status=flutter-first-frame
[bridge:market] saved C:\Users\Administrator.user-HP\AndroidStudioProjects\amana\glass-preview-bridge\evidence\market-frame-3648-painted.png (114473 bytes) status=flutter-first-frame
[bridge:market] saved C:\Users\Administrator.user-HP\AndroidStudioProjects\amana\glass-preview-bridge\evidence\market-frame-3656-painted.png (114473 bytes) status=flutter-first-frame
[bridge:market] saved C:\Users\Administrator.user-HP\AndroidStudioProjects\amana\glass-preview-bridge\evidence\market-frame-3664-painted.png (114473 bytes) status=flutter-first-frame
[bridge:market] saved C:\Users\Administrator.user-HP\AndroidStudioProjects\amana\glass-preview-bridge\evidence\market-frame-3672-painted.png (114473 bytes) status=flutter-first-frame
[bridge:market] saved C:\Users\Administrator.user-HP\AndroidStudioProjects\amana\glass-preview-bridge\evidence\market-frame-3680-painted.png (114473 bytes) status=flutter-first-frame
[bridge:market] saved C:\Users\Administrator.user-HP\AndroidStudioProjects\amana\glass-preview-bridge\evidence\market-frame-3688-painted.png (114473 bytes) status=flutter-first-frame
[bridge:market] saved C:\Users\Administrator.user-HP\AndroidStudioProjects\amana\glass-preview-bridge\evidence\market-frame-3696-painted.png (114473 bytes) status=flutter-first-frame
[bridge:market] saved C:\Users\Administrator.user-HP\AndroidStudioProjects\amana\glass-preview-bridge\evidence\market-frame-3704-painted.png (114473 bytes) status=flutter-first-frame
[bridge:market] saved C:\Users\Administrator.user-HP\AndroidStudioProjects\amana\glass-preview-bridge\evidence\market-frame-3712-painted.png (114473 bytes) status=flutter-first-frame
[bridge:market] saved C:\Users\Administrator.user-HP\AndroidStudioProjects\amana\glass-preview-bridge\evidence\market-frame-3720-painted.png (114473 bytes) status=flutter-first-frame
[bridge:market] saved C:\Users\Administrator.user-HP\AndroidStudioProjects\amana\glass-preview-bridge\evidence\market-frame-3728-painted.png (114473 bytes) status=flutter-first-frame
[bridge:market] saved C:\Users\Administrator.user-HP\AndroidStudioProjects\amana\glass-preview-bridge\evidence\market-frame-3736-painted.png (114473 bytes) status=flutter-first-frame
[bridge:market] saved C:\Users\Administrator.user-HP\AndroidStudioProjects\amana\glass-preview-bridge\evidence\market-frame-3744-painted.png (114473 bytes) status=flutter-first-frame
[bridge:market] saved C:\Users\Administrator.user-HP\AndroidStudioProjects\amana\glass-preview-bridge\evidence\market-frame-3752-painted.png (114473 bytes) status=flutter-first-frame
[bridge:market] saved C:\Users\Administrator.user-HP\AndroidStudioProjects\amana\glass-preview-bridge\evidence\market-frame-3760-painted.png (114473 bytes) status=flutter-first-frame
[bridge:market] saved C:\Users\Administrator.user-HP\AndroidStudioProjects\amana\glass-preview-bridge\evidence\market-frame-3768-painted.png (114473 bytes) status=flutter-first-frame
[bridge:market] saved C:\Users\Administrator.user-HP\AndroidStudioProjects\amana\glass-preview-bridge\evidence\market-frame-3776-painted.png (114473 bytes) status=flutter-first-frame
[bridge:market] saved C:\Users\Administrator.user-HP\AndroidStudioProjects\amana\glass-preview-bridge\evidence\market-frame-3784-painted.png (114473 bytes) status=flutter-first-frame
[bridge:market] saved C:\Users\Administrator.user-HP\AndroidStudioProjects\amana\glass-preview-bridge\evidence\market-frame-3792-painted.png (114473 bytes) status=flutter-first-frame
[bridge:market] saved C:\Users\Administrator.user-HP\AndroidStudioProjects\amana\glass-preview-bridge\evidence\market-frame-3800-painted.png (114473 bytes) status=flutter-first-frame
[bridge:market] saved C:\Users\Administrator.user-HP\AndroidStudioProjects\amana\glass-preview-bridge\evidence\market-frame-3808-painted.png (114473 bytes) status=flutter-first-frame
[bridge:market] saved C:\Users\Administrator.user-HP\AndroidStudioProjects\amana\glass-preview-bridge\evidence\market-frame-3816-painted.png (114473 bytes) status=flutter-first-frame
[bridge:market] saved C:\Users\Administrator.user-HP\AndroidStudioProjects\amana\glass-preview-bridge\evidence\market-frame-3824-painted.png (114473 bytes) status=flutter-first-frame
[bridge:market] saved C:\Users\Administrator.user-HP\AndroidStudioProjects\amana\glass-preview-bridge\evidence\market-frame-3832-painted.png (114473 bytes) status=flutter-first-frame
[bridge:market] saved C:\Users\Administrator.user-HP\AndroidStudioProjects\amana\glass-preview-bridge\evidence\market-frame-3840-painted.png (114473 bytes) status=flutter-first-frame
[bridge:market] saved C:\Users\Administrator.user-HP\AndroidStudioProjects\amana\glass-preview-bridge\evidence\market-frame-3848-painted.png (114473 bytes) status=flutter-first-frame
[bridge:market] saved C:\Users\Administrator.user-HP\AndroidStudioProjects\amana\glass-preview-bridge\evidence\market-frame-3856-painted.png (114473 bytes) status=flutter-first-frame
[bridge:market] saved C:\Users\Administrator.user-HP\AndroidStudioProjects\amana\glass-preview-bridge\evidence\market-frame-3864-painted.png (114473 bytes) status=flutter-first-frame
[bridge:market] saved C:\Users\Administrator.user-HP\AndroidStudioProjects\amana\glass-preview-bridge\evidence\market-frame-3872-painted.png (114473 bytes) status=flutter-first-frame
[bridge:market] saved C:\Users\Administrator.user-HP\AndroidStudioProjects\amana\glass-preview-bridge\evidence\market-frame-3880-painted.png (114473 bytes) status=flutter-first-frame
[bridge:market] saved C:\Users\Administrator.user-HP\AndroidStudioProjects\amana\glass-preview-bridge\evidence\market-frame-3888-painted.png (114473 bytes) status=flutter-first-frame
[bridge:market] saved C:\Users\Administrator.user-HP\AndroidStudioProjects\amana\glass-preview-bridge\evidence\market-frame-3896-painted.png (114473 bytes) status=flutter-first-frame
[bridge:market] saved C:\Users\Administrator.user-HP\AndroidStudioProjects\amana\glass-preview-bridge\evidence\market-frame-3904-painted.png (114473 bytes) status=flutter-first-frame
[bridge:market] saved C:\Users\Administrator.user-HP\AndroidStudioProjects\amana\glass-preview-bridge\evidence\market-frame-3912-painted.png (114473 bytes) status=flutter-first-frame
[bridge:market] saved C:\Users\Administrator.user-HP\AndroidStudioProjects\amana\glass-preview-bridge\evidence\market-frame-3920-painted.png (114473 bytes) status=flutter-first-frame
[bridge:market] saved C:\Users\Administrator.user-HP\AndroidStudioProjects\amana\glass-preview-bridge\evidence\market-frame-3928-painted.png (114473 bytes) status=flutter-first-frame
[bridge:market] saved C:\Users\Administrator.user-HP\AndroidStudioProjects\amana\glass-preview-bridge\evidence\market-frame-3936-painted.png (114473 bytes) status=flutter-first-frame
[bridge:market] saved C:\Users\Administrator.user-HP\AndroidStudioProjects\amana\glass-preview-bridge\evidence\market-frame-3944-painted.png (114473 bytes) status=flutter-first-frame
[bridge:market] saved C:\Users\Administrator.user-HP\AndroidStudioProjects\amana\glass-preview-bridge\evidence\market-frame-3952-painted.png (114473 bytes) status=flutter-first-frame
[bridge:market] saved C:\Users\Administrator.user-HP\AndroidStudioProjects\amana\glass-preview-bridge\evidence\market-frame-3960-painted.png (114473 bytes) status=flutter-first-frame
[bridge:market] saved C:\Users\Administrator.user-HP\AndroidStudioProjects\amana\glass-preview-bridge\evidence\market-frame-3968-painted.png (114473 bytes) status=flutter-first-frame
[bridge:market] saved C:\Users\Administrator.user-HP\AndroidStudioProjects\amana\glass-preview-bridge\evidence\market-frame-3976-painted.png (114473 bytes) status=flutter-first-frame
[bridge:market] saved C:\Users\Administrator.user-HP\AndroidStudioProjects\amana\glass-preview-bridge\evidence\market-frame-3984-painted.png (114473 bytes) status=flutter-first-frame
[bridge:market] saved C:\Users\Administrator.user-HP\AndroidStudioProjects\amana\glass-preview-bridge\evidence\market-frame-3992-painted.png (114473 bytes) status=flutter-first-frame
[bridge:market] saved C:\Users\Administrator.user-HP\AndroidStudioProjects\amana\glass-preview-bridge\evidence\market-frame-4000-painted.png (114473 bytes) status=flutter-first-frame
[bridge:market] saved C:\Users\Administrator.user-HP\AndroidStudioProjects\amana\glass-preview-bridge\evidence\market-frame-4008-painted.png (114473 bytes) status=flutter-first-frame
[bridge:market] saved C:\Users\Administrator.user-HP\AndroidStudioProjects\amana\glass-preview-bridge\evidence\market-frame-4016-painted.png (114473 bytes) status=flutter-first-frame
[bridge:market] saved C:\Users\Administrator.user-HP\AndroidStudioProjects\amana\glass-preview-bridge\evidence\market-frame-4024-painted.png (114473 bytes) status=flutter-first-frame
[bridge:market] saved C:\Users\Administrator.user-HP\AndroidStudioProjects\amana\glass-preview-bridge\evidence\market-frame-4032-painted.png (114473 bytes) status=flutter-first-frame
[bridge:market] saved C:\Users\Administrator.user-HP\AndroidStudioProjects\amana\glass-preview-bridge\evidence\market-frame-4040-painted.png (114473 bytes) status=flutter-first-frame
[bridge:market] saved C:\Users\Administrator.user-HP\AndroidStudioProjects\amana\glass-preview-bridge\evidence\market-frame-4048-painted.png (114473 bytes) status=flutter-first-frame
[bridge:market] saved C:\Users\Administrator.user-HP\AndroidStudioProjects\amana\glass-preview-bridge\evidence\market-frame-4056-painted.png (114473 bytes) status=flutter-first-frame
[bridge:market] saved C:\Users\Administrator.user-HP\AndroidStudioProjects\amana\glass-preview-bridge\evidence\market-frame-4064-painted.png (114473 bytes) status=flutter-first-frame
[bridge:market] saved C:\Users\Administrator.user-HP\AndroidStudioProjects\amana\glass-preview-bridge\evidence\market-frame-4072-painted.png (114473 bytes) status=flutter-first-frame
[bridge:market] saved C:\Users\Administrator.user-HP\AndroidStudioProjects\amana\glass-preview-bridge\evidence\market-frame-4080-painted.png (114473 bytes) status=flutter-first-frame
[bridge:market] saved C:\Users\Administrator.user-HP\AndroidStudioProjects\amana\glass-preview-bridge\evidence\market-frame-4088-painted.png (114473 bytes) status=flutter-first-frame
[bridge:market] saved C:\Users\Administrator.user-HP\AndroidStudioProjects\amana\glass-preview-bridge\evidence\market-frame-4096-painted.png (114473 bytes) status=flutter-first-frame
[bridge:market] saved C:\Users\Administrator.user-HP\AndroidStudioProjects\amana\glass-preview-bridge\evidence\market-frame-4104-painted.png (114473 bytes) status=flutter-first-frame
[bridge:market] saved C:\Users\Administrator.user-HP\AndroidStudioProjects\amana\glass-preview-bridge\evidence\market-frame-4112-painted.png (114473 bytes) status=flutter-first-frame
[bridge:market] saved C:\Users\Administrator.user-HP\AndroidStudioProjects\amana\glass-preview-bridge\evidence\market-frame-4120-painted.png (114473 bytes) status=flutter-first-frame
[bridge:market] saved C:\Users\Administrator.user-HP\AndroidStudioProjects\amana\glass-preview-bridge\evidence\market-frame-4128-painted.png (114473 bytes) status=flutter-first-frame
[bridge:market] saved C:\Users\Administrator.user-HP\AndroidStudioProjects\amana\glass-preview-bridge\evidence\market-frame-4136-painted.png (114473 bytes) status=flutter-first-frame
[bridge:market] saved C:\Users\Administrator.user-HP\AndroidStudioProjects\amana\glass-preview-bridge\evidence\market-frame-4144-painted.png (114473 bytes) status=flutter-first-frame
[bridge:market] saved C:\Users\Administrator.user-HP\AndroidStudioProjects\amana\glass-preview-bridge\evidence\market-frame-4152-painted.png (114473 bytes) status=flutter-first-frame
[bridge:market] saved C:\Users\Administrator.user-HP\AndroidStudioProjects\amana\glass-preview-bridge\evidence\market-frame-4160-painted.png (114473 bytes) status=flutter-first-frame
[bridge:market] saved C:\Users\Administrator.user-HP\AndroidStudioProjects\amana\glass-preview-bridge\evidence\market-frame-4168-painted.png (114473 bytes) status=flutter-first-frame
[bridge:market] saved C:\Users\Administrator.user-HP\AndroidStudioProjects\amana\glass-preview-bridge\evidence\market-frame-4176-painted.png (114473 bytes) status=flutter-first-frame
[bridge:market] saved C:\Users\Administrator.user-HP\AndroidStudioProjects\amana\glass-preview-bridge\evidence\market-frame-4184-painted.png (114473 bytes) status=flutter-first-frame
[bridge:market] saved C:\Users\Administrator.user-HP\AndroidStudioProjects\amana\glass-preview-bridge\evidence\market-frame-4192-painted.png (114473 bytes) status=flutter-first-frame
[bridge:market] saved C:\Users\Administrator.user-HP\AndroidStudioProjects\amana\glass-preview-bridge\evidence\market-frame-4200-painted.png (114473 bytes) status=flutter-first-frame
[bridge:market] saved C:\Users\Administrator.user-HP\AndroidStudioProjects\amana\glass-preview-bridge\evidence\market-frame-4208-painted.png (114473 bytes) status=flutter-first-frame
[bridge:market] saved C:\Users\Administrator.user-HP\AndroidStudioProjects\amana\glass-preview-bridge\evidence\market-frame-4216-painted.png (114473 bytes) status=flutter-first-frame
[bridge:market] saved C:\Users\Administrator.user-HP\AndroidStudioProjects\amana\glass-preview-bridge\evidence\market-frame-4224-painted.png (114473 bytes) status=flutter-first-frame
[bridge:market] saved C:\Users\Administrator.user-HP\AndroidStudioProjects\amana\glass-preview-bridge\evidence\market-frame-4232-painted.png (114473 bytes) status=flutter-first-frame
[bridge:market] saved C:\Users\Administrator.user-HP\AndroidStudioProjects\amana\glass-preview-bridge\evidence\market-frame-4240-painted.png (114473 bytes) status=flutter-first-frame
[bridge:market] saved C:\Users\Administrator.user-HP\AndroidStudioProjects\amana\glass-preview-bridge\evidence\market-frame-4248-painted.png (114473 bytes) status=flutter-first-frame
[bridge:market] saved C:\Users\Administrator.user-HP\AndroidStudioProjects\amana\glass-preview-bridge\evidence\market-frame-4256-painted.png (114473 bytes) status=flutter-first-frame
[bridge:market] saved C:\Users\Administrator.user-HP\AndroidStudioProjects\amana\glass-preview-bridge\evidence\market-frame-4264-painted.png (114473 bytes) status=flutter-first-frame
[bridge:market] saved C:\Users\Administrator.user-HP\AndroidStudioProjects\amana\glass-preview-bridge\evidence\market-frame-4272-painted.png (114473 bytes) status=flutter-first-frame
[bridge:market] saved C:\Users\Administrator.user-HP\AndroidStudioProjects\amana\glass-preview-bridge\evidence\market-frame-4280-painted.png (114473 bytes) status=flutter-first-frame
[bridge:market] saved C:\Users\Administrator.user-HP\AndroidStudioProjects\amana\glass-preview-bridge\evidence\market-frame-4288-painted.png (114473 bytes) status=flutter-first-frame
[bridge:market] saved C:\Users\Administrator.user-HP\AndroidStudioProjects\amana\glass-preview-bridge\evidence\market-frame-4296-painted.png (114473 bytes) status=flutter-first-frame
[bridge:market] saved C:\Users\Administrator.user-HP\AndroidStudioProjects\amana\glass-preview-bridge\evidence\market-frame-4304-painted.png (114473 bytes) status=flutter-first-frame
[bridge:market] saved C:\Users\Administrator.user-HP\AndroidStudioProjects\amana\glass-preview-bridge\evidence\market-frame-4312-painted.png (114473 bytes) status=flutter-first-frame
[bridge:market] saved C:\Users\Administrator.user-HP\AndroidStudioProjects\amana\glass-preview-bridge\evidence\market-frame-4320-painted.png (114473 bytes) status=flutter-first-frame
[bridge:market] saved C:\Users\Administrator.user-HP\AndroidStudioProjects\amana\glass-preview-bridge\evidence\market-frame-4328-painted.png (114473 bytes) status=flutter-first-frame
[bridge:market] saved C:\Users\Administrator.user-HP\AndroidStudioProjects\amana\glass-preview-bridge\evidence\market-frame-4336-painted.png (114473 bytes) status=flutter-first-frame
[bridge:market] saved C:\Users\Administrator.user-HP\AndroidStudioProjects\amana\glass-preview-bridge\evidence\market-frame-4344-painted.png (114473 bytes) status=flutter-first-frame
[bridge:market] saved C:\Users\Administrator.user-HP\AndroidStudioProjects\amana\glass-preview-bridge\evidence\market-frame-4352-painted.png (114473 bytes) status=flutter-first-frame
[bridge:market] saved C:\Users\Administrator.user-HP\AndroidStudioProjects\amana\glass-preview-bridge\evidence\market-frame-4360-painted.png (114473 bytes) status=flutter-first-frame
[bridge:market] saved C:\Users\Administrator.user-HP\AndroidStudioProjects\amana\glass-preview-bridge\evidence\market-frame-4368-painted.png (114473 bytes) status=flutter-first-frame
[bridge:market] saved C:\Users\Administrator.user-HP\AndroidStudioProjects\amana\glass-preview-bridge\evidence\market-frame-4376-painted.png (114473 bytes) status=flutter-first-frame
[bridge:market] saved C:\Users\Administrator.user-HP\AndroidStudioProjects\amana\glass-preview-bridge\evidence\market-frame-4384-painted.png (114473 bytes) status=flutter-first-frame
[bridge:market] saved C:\Users\Administrator.user-HP\AndroidStudioProjects\amana\glass-preview-bridge\evidence\market-frame-4392-painted.png (114473 bytes) status=flutter-first-frame
[bridge:market] saved C:\Users\Administrator.user-HP\AndroidStudioProjects\amana\glass-preview-bridge\evidence\market-frame-4400-painted.png (114473 bytes) status=flutter-first-frame
[bridge:market] saved C:\Users\Administrator.user-HP\AndroidStudioProjects\amana\glass-preview-bridge\evidence\market-frame-4408-painted.png (114473 bytes) status=flutter-first-frame
[bridge:market] saved C:\Users\Administrator.user-HP\AndroidStudioProjects\amana\glass-preview-bridge\evidence\market-frame-4416-painted.png (114473 bytes) status=flutter-first-frame
[bridge:market] saved C:\Users\Administrator.user-HP\AndroidStudioProjects\amana\glass-preview-bridge\evidence\market-frame-4424-painted.png (114473 bytes) status=flutter-first-frame
[bridge:market] saved C:\Users\Administrator.user-HP\AndroidStudioProjects\amana\glass-preview-bridge\evidence\market-frame-4432-painted.png (114473 bytes) status=flutter-first-frame
[bridge:market] saved C:\Users\Administrator.user-HP\AndroidStudioProjects\amana\glass-preview-bridge\evidence\market-frame-4440-painted.png (114473 bytes) status=flutter-first-frame
[bridge:market] saved C:\Users\Administrator.user-HP\AndroidStudioProjects\amana\glass-preview-bridge\evidence\market-frame-4448-painted.png (114473 bytes) status=flutter-first-frame
[bridge:market] saved C:\Users\Administrator.user-HP\AndroidStudioProjects\amana\glass-preview-bridge\evidence\market-frame-4456-painted.png (114473 bytes) status=flutter-first-frame
[bridge:market] saved C:\Users\Administrator.user-HP\AndroidStudioProjects\amana\glass-preview-bridge\evidence\market-frame-4464-painted.png (114473 bytes) status=flutter-first-frame
[bridge:market] saved C:\Users\Administrator.user-HP\AndroidStudioProjects\amana\glass-preview-bridge\evidence\market-frame-4472-painted.png (114473 bytes) status=flutter-first-frame
[bridge:market] saved C:\Users\Administrator.user-HP\AndroidStudioProjects\amana\glass-preview-bridge\evidence\market-frame-4480-painted.png (114473 bytes) status=flutter-first-frame
[bridge:market] saved C:\Users\Administrator.user-HP\AndroidStudioProjects\amana\glass-preview-bridge\evidence\market-frame-4488-painted.png (114473 bytes) status=flutter-first-frame
[bridge:market] saved C:\Users\Administrator.user-HP\AndroidStudioProjects\amana\glass-preview-bridge\evidence\market-frame-4496-painted.png (114473 bytes) status=flutter-first-frame
[bridge:market] saved C:\Users\Administrator.user-HP\AndroidStudioProjects\amana\glass-preview-bridge\evidence\market-frame-4504-painted.png (114473 bytes) status=flutter-first-frame
[bridge:market] saved C:\Users\Administrator.user-HP\AndroidStudioProjects\amana\glass-preview-bridge\evidence\market-frame-4512-painted.png (114473 bytes) status=flutter-first-frame
[bridge:market] saved C:\Users\Administrator.user-HP\AndroidStudioProjects\amana\glass-preview-bridge\evidence\market-frame-4520-painted.png (114473 bytes) status=flutter-first-frame
[bridge:market] saved C:\Users\Administrator.user-HP\AndroidStudioProjects\amana\glass-preview-bridge\evidence\market-frame-4528-painted.png (114473 bytes) status=flutter-first-frame
[bridge:market] saved C:\Users\Administrator.user-HP\AndroidStudioProjects\amana\glass-preview-bridge\evidence\market-frame-4536-painted.png (114473 bytes) status=flutter-first-frame
[bridge:market] saved C:\Users\Administrator.user-HP\AndroidStudioProjects\amana\glass-preview-bridge\evidence\market-frame-4544-painted.png (114473 bytes) status=flutter-first-frame
[bridge:market] saved C:\Users\Administrator.user-HP\AndroidStudioProjects\amana\glass-preview-bridge\evidence\market-frame-4552-painted.png (114473 bytes) status=flutter-first-frame
[bridge:market] saved C:\Users\Administrator.user-HP\AndroidStudioProjects\amana\glass-preview-bridge\evidence\market-frame-4560-painted.png (114473 bytes) status=flutter-first-frame
[bridge:market] saved C:\Users\Administrator.user-HP\AndroidStudioProjects\amana\glass-preview-bridge\evidence\market-frame-4568-painted.png (114473 bytes) status=flutter-first-frame
[bridge:market] saved C:\Users\Administrator.user-HP\AndroidStudioProjects\amana\glass-preview-bridge\evidence\market-frame-4576-painted.png (114473 bytes) status=flutter-first-frame
[bridge:market] saved C:\Users\Administrator.user-HP\AndroidStudioProjects\amana\glass-preview-bridge\evidence\market-frame-4584-painted.png (114473 bytes) status=flutter-first-frame
[bridge:market] saved C:\Users\Administrator.user-HP\AndroidStudioProjects\amana\glass-preview-bridge\evidence\market-frame-4592-painted.png (114473 bytes) status=flutter-first-frame
[bridge:market] saved C:\Users\Administrator.user-HP\AndroidStudioProjects\amana\glass-preview-bridge\evidence\market-frame-4600-painted.png (114473 bytes) status=flutter-first-frame
[bridge:market] saved C:\Users\Administrator.user-HP\AndroidStudioProjects\amana\glass-preview-bridge\evidence\market-frame-4608-painted.png (114473 bytes) status=flutter-first-frame
[bridge:market] saved C:\Users\Administrator.user-HP\AndroidStudioProjects\amana\glass-preview-bridge\evidence\market-frame-4616-painted.png (114473 bytes) status=flutter-first-frame
[bridge:market] saved C:\Users\Administrator.user-HP\AndroidStudioProjects\amana\glass-preview-bridge\evidence\market-frame-4624-painted.png (114473 bytes) status=flutter-first-frame
[bridge:market] saved C:\Users\Administrator.user-HP\AndroidStudioProjects\amana\glass-preview-bridge\evidence\market-frame-4632-painted.png (114473 bytes) status=flutter-first-frame
[bridge:market] saved C:\Users\Administrator.user-HP\AndroidStudioProjects\amana\glass-preview-bridge\evidence\market-frame-4640-painted.png (114473 bytes) status=flutter-first-frame
[bridge:market] saved C:\Users\Administrator.user-HP\AndroidStudioProjects\amana\glass-preview-bridge\evidence\market-frame-4648-painted.png (114473 bytes) status=flutter-first-frame
[bridge:market] saved C:\Users\Administrator.user-HP\AndroidStudioProjects\amana\glass-preview-bridge\evidence\market-frame-4656-painted.png (114473 bytes) status=flutter-first-frame
[bridge:market] saved C:\Users\Administrator.user-HP\AndroidStudioProjects\amana\glass-preview-bridge\evidence\market-frame-4664-painted.png (114473 bytes) status=flutter-first-frame
[bridge:market] saved C:\Users\Administrator.user-HP\AndroidStudioProjects\amana\glass-preview-bridge\evidence\market-frame-4672-painted.png (114473 bytes) status=flutter-first-frame
[bridge:market] saved C:\Users\Administrator.user-HP\AndroidStudioProjects\amana\glass-preview-bridge\evidence\market-frame-4680-painted.png (114473 bytes) status=flutter-first-frame
[bridge:market] saved C:\Users\Administrator.user-HP\AndroidStudioProjects\amana\glass-preview-bridge\evidence\market-frame-4688-painted.png (114473 bytes) status=flutter-first-frame
[bridge:market] saved C:\Users\Administrator.user-HP\AndroidStudioProjects\amana\glass-preview-bridge\evidence\market-frame-4696-painted.png (114473 bytes) status=flutter-first-frame
[bridge:market] saved C:\Users\Administrator.user-HP\AndroidStudioProjects\amana\glass-preview-bridge\evidence\market-frame-4704-painted.png (114473 bytes) status=flutter-first-frame
[bridge:market] saved C:\Users\Administrator.user-HP\AndroidStudioProjects\amana\glass-preview-bridge\evidence\market-frame-4712-painted.png (114473 bytes) status=flutter-first-frame
[bridge:market] saved C:\Users\Administrator.user-HP\AndroidStudioProjects\amana\glass-preview-bridge\evidence\market-frame-4720-painted.png (114473 bytes) status=flutter-first-frame
[bridge:market] saved C:\Users\Administrator.user-HP\AndroidStudioProjects\amana\glass-preview-bridge\evidence\market-frame-4728-painted.png (114473 bytes) status=flutter-first-frame
[bridge:market] saved C:\Users\Administrator.user-HP\AndroidStudioProjects\amana\glass-preview-bridge\evidence\market-frame-4736-painted.png (114473 bytes) status=flutter-first-frame
[bridge:market] saved C:\Users\Administrator.user-HP\AndroidStudioProjects\amana\glass-preview-bridge\evidence\market-frame-4744-painted.png (114473 bytes) status=flutter-first-frame
[bridge:market] saved C:\Users\Administrator.user-HP\AndroidStudioProjects\amana\glass-preview-bridge\evidence\market-frame-4752-painted.png (114473 bytes) status=flutter-first-frame
[bridge:market] saved C:\Users\Administrator.user-HP\AndroidStudioProjects\amana\glass-preview-bridge\evidence\market-frame-4760-painted.png (114473 bytes) status=flutter-first-frame
[bridge:market] saved C:\Users\Administrator.user-HP\AndroidStudioProjects\amana\glass-preview-bridge\evidence\market-frame-4768-painted.png (114473 bytes) status=flutter-first-frame
[bridge:market] saved C:\Users\Administrator.user-HP\AndroidStudioProjects\amana\glass-preview-bridge\evidence\market-frame-4776-painted.png (114473 bytes) status=flutter-first-frame
[bridge:market] saved C:\Users\Administrator.user-HP\AndroidStudioProjects\amana\glass-preview-bridge\evidence\market-frame-4784-painted.png (114473 bytes) status=flutter-first-frame
[bridge:market] saved C:\Users\Administrator.user-HP\AndroidStudioProjects\amana\glass-preview-bridge\evidence\market-frame-4792-painted.png (114473 bytes) status=flutter-first-frame
[bridge:market] saved C:\Users\Administrator.user-HP\AndroidStudioProjects\amana\glass-preview-bridge\evidence\market-frame-4800-painted.png (114473 bytes) status=flutter-first-frame
[bridge:market] saved C:\Users\Administrator.user-HP\AndroidStudioProjects\amana\glass-preview-bridge\evidence\market-frame-4808-painted.png (114473 bytes) status=flutter-first-frame
[bridge:market] saved C:\Users\Administrator.user-HP\AndroidStudioProjects\amana\glass-preview-bridge\evidence\market-frame-4816-painted.png (114473 bytes) status=flutter-first-frame
[bridge:market] saved C:\Users\Administrator.user-HP\AndroidStudioProjects\amana\glass-preview-bridge\evidence\market-frame-4824-painted.png (114473 bytes) status=flutter-first-frame
[bridge:market] saved C:\Users\Administrator.user-HP\AndroidStudioProjects\amana\glass-preview-bridge\evidence\market-frame-4832-painted.png (114473 bytes) status=flutter-first-frame
[bridge:market] saved C:\Users\Administrator.user-HP\AndroidStudioProjects\amana\glass-preview-bridge\evidence\market-frame-4840-painted.png (114473 bytes) status=flutter-first-frame
[bridge:market] saved C:\Users\Administrator.user-HP\AndroidStudioProjects\amana\glass-preview-bridge\evidence\market-frame-4848-painted.png (114473 bytes) status=flutter-first-frame
[bridge:market] saved C:\Users\Administrator.user-HP\AndroidStudioProjects\amana\glass-preview-bridge\evidence\market-frame-4856-painted.png (114473 bytes) status=flutter-first-frame
[bridge:market] saved C:\Users\Administrator.user-HP\AndroidStudioProjects\amana\glass-preview-bridge\evidence\market-frame-4864-painted.png (114473 bytes) status=flutter-first-frame
[bridge:market] saved C:\Users\Administrator.user-HP\AndroidStudioProjects\amana\glass-preview-bridge\evidence\market-frame-4872-painted.png (114473 bytes) status=flutter-first-frame
[bridge:market] saved C:\Users\Administrator.user-HP\AndroidStudioProjects\amana\glass-preview-bridge\evidence\market-frame-4880-painted.png (114473 bytes) status=flutter-first-frame
[bridge:market] saved C:\Users\Administrator.user-HP\AndroidStudioProjects\amana\glass-preview-bridge\evidence\market-frame-4888-painted.png (114473 bytes) status=flutter-first-frame
[bridge:market] saved C:\Users\Administrator.user-HP\AndroidStudioProjects\amana\glass-preview-bridge\evidence\market-frame-4896-painted.png (114473 bytes) status=flutter-first-frame
[bridge:market] saved C:\Users\Administrator.user-HP\AndroidStudioProjects\amana\glass-preview-bridge\evidence\market-frame-4904-painted.png (114473 bytes) status=flutter-first-frame
[bridge:market] saved C:\Users\Administrator.user-HP\AndroidStudioProjects\amana\glass-preview-bridge\evidence\market-frame-4912-painted.png (114473 bytes) status=flutter-first-frame
[bridge:market] saved C:\Users\Administrator.user-HP\AndroidStudioProjects\amana\glass-preview-bridge\evidence\market-frame-4920-painted.png (114473 bytes) status=flutter-first-frame
[bridge:market] saved C:\Users\Administrator.user-HP\AndroidStudioProjects\amana\glass-preview-bridge\evidence\market-frame-4928-painted.png (114473 bytes) status=flutter-first-frame
[bridge:market] saved C:\Users\Administrator.user-HP\AndroidStudioProjects\amana\glass-preview-bridge\evidence\market-frame-4936-painted.png (114473 bytes) status=flutter-first-frame
[bridge:market] saved C:\Users\Administrator.user-HP\AndroidStudioProjects\amana\glass-preview-bridge\evidence\market-frame-4944-painted.png (114473 bytes) status=flutter-first-frame
[bridge:market] saved C:\Users\Administrator.user-HP\AndroidStudioProjects\amana\glass-preview-bridge\evidence\market-frame-4952-painted.png (114473 bytes) status=flutter-first-frame
[bridge:market] saved C:\Users\Administrator.user-HP\AndroidStudioProjects\amana\glass-preview-bridge\evidence\market-frame-4960-painted.png (114473 bytes) status=flutter-first-frame
[bridge:market] saved C:\Users\Administrator.user-HP\AndroidStudioProjects\amana\glass-preview-bridge\evidence\market-frame-4968-painted.png (114473 bytes) status=flutter-first-frame
[bridge:market] saved C:\Users\Administrator.user-HP\AndroidStudioProjects\amana\glass-preview-bridge\evidence\market-frame-4976-painted.png (114473 bytes) status=flutter-first-frame
[bridge:market] saved C:\Users\Administrator.user-HP\AndroidStudioProjects\amana\glass-preview-bridge\evidence\market-frame-4984-painted.png (114473 bytes) status=flutter-first-frame
[bridge:market] saved C:\Users\Administrator.user-HP\AndroidStudioProjects\amana\glass-preview-bridge\evidence\market-frame-4992-painted.png (114473 bytes) status=flutter-first-frame
[bridge:market] saved C:\Users\Administrator.user-HP\AndroidStudioProjects\amana\glass-preview-bridge\evidence\market-frame-5000-painted.png (114473 bytes) status=flutter-first-frame
[bridge:market] saved C:\Users\Administrator.user-HP\AndroidStudioProjects\amana\glass-preview-bridge\evidence\market-frame-5008-painted.png (114473 bytes) status=flutter-first-frame
[bridge:market] saved C:\Users\Administrator.user-HP\AndroidStudioProjects\amana\glass-preview-bridge\evidence\market-frame-5016-painted.png (114473 bytes) status=flutter-first-frame
[bridge:market] saved C:\Users\Administrator.user-HP\AndroidStudioProjects\amana\glass-preview-bridge\evidence\market-frame-5024-painted.png (114473 bytes) status=flutter-first-frame
[bridge:market] saved C:\Users\Administrator.user-HP\AndroidStudioProjects\amana\glass-preview-bridge\evidence\market-frame-5032-painted.png (114473 bytes) status=flutter-first-frame
[bridge:market] saved C:\Users\Administrator.user-HP\AndroidStudioProjects\amana\glass-preview-bridge\evidence\market-frame-5040-painted.png (114473 bytes) status=flutter-first-frame
[bridge:market] saved C:\Users\Administrator.user-HP\AndroidStudioProjects\amana\glass-preview-bridge\evidence\market-frame-5048-painted.png (114473 bytes) status=flutter-first-frame
[bridge:market] saved C:\Users\Administrator.user-HP\AndroidStudioProjects\amana\glass-preview-bridge\evidence\market-frame-5056-painted.png (114473 bytes) status=flutter-first-frame
[bridge:market] saved C:\Users\Administrator.user-HP\AndroidStudioProjects\amana\glass-preview-bridge\evidence\market-frame-5064-painted.png (114473 bytes) status=flutter-first-frame
[bridge:market] saved C:\Users\Administrator.user-HP\AndroidStudioProjects\amana\glass-preview-bridge\evidence\market-frame-5072-painted.png (114473 bytes) status=flutter-first-frame
[bridge:market] saved C:\Users\Administrator.user-HP\AndroidStudioProjects\amana\glass-preview-bridge\evidence\market-frame-5080-painted.png (114473 bytes) status=flutter-first-frame
[bridge:market] saved C:\Users\Administrator.user-HP\AndroidStudioProjects\amana\glass-preview-bridge\evidence\market-frame-5088-painted.png (114473 bytes) status=flutter-first-frame
[bridge:market] saved C:\Users\Administrator.user-HP\AndroidStudioProjects\amana\glass-preview-bridge\evidence\market-frame-5096-painted.png (114473 bytes) status=flutter-first-frame
[bridge:market] saved C:\Users\Administrator.user-HP\AndroidStudioProjects\amana\glass-preview-bridge\evidence\market-frame-5104-painted.png (114473 bytes) status=flutter-first-frame
[bridge:market] saved C:\Users\Administrator.user-HP\AndroidStudioProjects\amana\glass-preview-bridge\evidence\market-frame-5112-painted.png (114473 bytes) status=flutter-first-frame
[bridge:market] saved C:\Users\Administrator.user-HP\AndroidStudioProjects\amana\glass-preview-bridge\evidence\market-frame-5120-painted.png (114473 bytes) status=flutter-first-frame
[bridge:market] saved C:\Users\Administrator.user-HP\AndroidStudioProjects\amana\glass-preview-bridge\evidence\market-frame-5128-painted.png (114473 bytes) status=flutter-first-frame
[bridge:market] saved C:\Users\Administrator.user-HP\AndroidStudioProjects\amana\glass-preview-bridge\evidence\market-frame-5136-painted.png (114473 bytes) status=flutter-first-frame
[bridge:market] saved C:\Users\Administrator.user-HP\AndroidStudioProjects\amana\glass-preview-bridge\evidence\market-frame-5144-painted.png (114473 bytes) status=flutter-first-frame
[bridge:market] saved C:\Users\Administrator.user-HP\AndroidStudioProjects\amana\glass-preview-bridge\evidence\market-frame-5152-painted.png (114473 bytes) status=flutter-first-frame
[bridge:market] saved C:\Users\Administrator.user-HP\AndroidStudioProjects\amana\glass-preview-bridge\evidence\market-frame-5160-painted.png (114473 bytes) status=flutter-first-frame
[bridge:market] saved C:\Users\Administrator.user-HP\AndroidStudioProjects\amana\glass-preview-bridge\evidence\market-frame-5168-painted.png (114473 bytes) status=flutter-first-frame
[bridge:market] saved C:\Users\Administrator.user-HP\AndroidStudioProjects\amana\glass-preview-bridge\evidence\market-frame-5176-painted.png (114473 bytes) status=flutter-first-frame
[bridge:market] saved C:\Users\Administrator.user-HP\AndroidStudioProjects\amana\glass-preview-bridge\evidence\market-frame-5184-painted.png (114473 bytes) status=flutter-first-frame
[bridge:market] saved C:\Users\Administrator.user-HP\AndroidStudioProjects\amana\glass-preview-bridge\evidence\market-frame-5192-painted.png (114473 bytes) status=flutter-first-frame
[bridge:market] saved C:\Users\Administrator.user-HP\AndroidStudioProjects\amana\glass-preview-bridge\evidence\market-frame-5200-painted.png (114473 bytes) status=flutter-first-frame
[bridge:market] saved C:\Users\Administrator.user-HP\AndroidStudioProjects\amana\glass-preview-bridge\evidence\market-frame-5208-painted.png (114473 bytes) status=flutter-first-frame
[bridge:market] saved C:\Users\Administrator.user-HP\AndroidStudioProjects\amana\glass-preview-bridge\evidence\market-frame-5216-painted.png (114473 bytes) status=flutter-first-frame
[bridge:market] saved C:\Users\Administrator.user-HP\AndroidStudioProjects\amana\glass-preview-bridge\evidence\market-frame-5224-painted.png (114473 bytes) status=flutter-first-frame
[bridge:market] saved C:\Users\Administrator.user-HP\AndroidStudioProjects\amana\glass-preview-bridge\evidence\market-frame-5232-painted.png (114473 bytes) status=flutter-first-frame
[bridge:market] saved C:\Users\Administrator.user-HP\AndroidStudioProjects\amana\glass-preview-bridge\evidence\market-frame-5240-painted.png (114473 bytes) status=flutter-first-frame
[bridge:market] saved C:\Users\Administrator.user-HP\AndroidStudioProjects\amana\glass-preview-bridge\evidence\market-frame-5248-painted.png (114473 bytes) status=flutter-first-frame
[bridge:market] saved C:\Users\Administrator.user-HP\AndroidStudioProjects\amana\glass-preview-bridge\evidence\market-frame-5256-painted.png (114473 bytes) status=flutter-first-frame
[bridge:market] saved C:\Users\Administrator.user-HP\AndroidStudioProjects\amana\glass-preview-bridge\evidence\market-frame-5264-painted.png (114473 bytes) status=flutter-first-frame
[bridge:market] saved C:\Users\Administrator.user-HP\AndroidStudioProjects\amana\glass-preview-bridge\evidence\market-frame-5272-painted.png (114473 bytes) status=flutter-first-frame
[bridge:market] saved C:\Users\Administrator.user-HP\AndroidStudioProjects\amana\glass-preview-bridge\evidence\market-frame-5280-painted.png (114473 bytes) status=flutter-first-frame
[bridge:market] saved C:\Users\Administrator.user-HP\AndroidStudioProjects\amana\glass-preview-bridge\evidence\market-frame-5288-painted.png (114473 bytes) status=flutter-first-frame
[bridge:market] saved C:\Users\Administrator.user-HP\AndroidStudioProjects\amana\glass-preview-bridge\evidence\market-frame-5296-painted.png (114473 bytes) status=flutter-first-frame
[bridge:market] saved C:\Users\Administrator.user-HP\AndroidStudioProjects\amana\glass-preview-bridge\evidence\market-frame-5304-painted.png (114473 bytes) status=flutter-first-frame
[bridge:market] saved C:\Users\Administrator.user-HP\AndroidStudioProjects\amana\glass-preview-bridge\evidence\market-frame-5312-painted.png (114473 bytes) status=flutter-first-frame
[bridge:market] saved C:\Users\Administrator.user-HP\AndroidStudioProjects\amana\glass-preview-bridge\evidence\market-frame-5320-painted.png (114473 bytes) status=flutter-first-frame
[bridge:market] saved C:\Users\Administrator.user-HP\AndroidStudioProjects\amana\glass-preview-bridge\evidence\market-frame-5328-painted.png (114473 bytes) status=flutter-first-frame
[bridge:market] saved C:\Users\Administrator.user-HP\AndroidStudioProjects\amana\glass-preview-bridge\evidence\market-frame-5336-painted.png (114473 bytes) status=flutter-first-frame
[bridge:market] saved C:\Users\Administrator.user-HP\AndroidStudioProjects\amana\glass-preview-bridge\evidence\market-frame-5344-painted.png (114473 bytes) status=flutter-first-frame
[bridge:market] saved C:\Users\Administrator.user-HP\AndroidStudioProjects\amana\glass-preview-bridge\evidence\market-frame-5352-painted.png (114473 bytes) status=flutter-first-frame
[bridge:market] saved C:\Users\Administrator.user-HP\AndroidStudioProjects\amana\glass-preview-bridge\evidence\market-frame-5360-painted.png (114473 bytes) status=flutter-first-frame
[bridge:market] saved C:\Users\Administrator.user-HP\AndroidStudioProjects\amana\glass-preview-bridge\evidence\market-frame-5368-painted.png (114473 bytes) status=flutter-first-frame
[bridge:market] saved C:\Users\Administrator.user-HP\AndroidStudioProjects\amana\glass-preview-bridge\evidence\market-frame-5376-painted.png (114473 bytes) status=flutter-first-frame
[bridge:market] saved C:\Users\Administrator.user-HP\AndroidStudioProjects\amana\glass-preview-bridge\evidence\market-frame-5384-painted.png (114473 bytes) status=flutter-first-frame
[bridge:market] saved C:\Users\Administrator.user-HP\AndroidStudioProjects\amana\glass-preview-bridge\evidence\market-frame-5392-painted.png (114473 bytes) status=flutter-first-frame
[bridge:market] saved C:\Users\Administrator.user-HP\AndroidStudioProjects\amana\glass-preview-bridge\evidence\market-frame-5400-painted.png (114473 bytes) status=flutter-first-frame
[bridge:market] saved C:\Users\Administrator.user-HP\AndroidStudioProjects\amana\glass-preview-bridge\evidence\market-frame-5408-painted.png (114473 bytes) status=flutter-first-frame
[bridge:market] saved C:\Users\Administrator.user-HP\AndroidStudioProjects\amana\glass-preview-bridge\evidence\market-frame-5416-painted.png (114473 bytes) status=flutter-first-frame
[bridge:market] saved C:\Users\Administrator.user-HP\AndroidStudioProjects\amana\glass-preview-bridge\evidence\market-frame-5424-painted.png (114473 bytes) status=flutter-first-frame
[bridge:market] saved C:\Users\Administrator.user-HP\AndroidStudioProjects\amana\glass-preview-bridge\evidence\market-frame-5432-painted.png (114473 bytes) status=flutter-first-frame
[bridge:market] saved C:\Users\Administrator.user-HP\AndroidStudioProjects\amana\glass-preview-bridge\evidence\market-frame-5440-painted.png (114473 bytes) status=flutter-first-frame
[bridge:market] saved C:\Users\Administrator.user-HP\AndroidStudioProjects\amana\glass-preview-bridge\evidence\market-frame-5448-painted.png (114473 bytes) status=flutter-first-frame
[bridge:market] saved C:\Users\Administrator.user-HP\AndroidStudioProjects\amana\glass-preview-bridge\evidence\market-frame-5456-painted.png (114473 bytes) status=flutter-first-frame
[bridge:market] saved C:\Users\Administrator.user-HP\AndroidStudioProjects\amana\glass-preview-bridge\evidence\market-frame-5464-painted.png (114473 bytes) status=flutter-first-frame
[bridge:market] saved C:\Users\Administrator.user-HP\AndroidStudioProjects\amana\glass-preview-bridge\evidence\market-frame-5472-painted.png (114473 bytes) status=flutter-first-frame
[bridge:market] saved C:\Users\Administrator.user-HP\AndroidStudioProjects\amana\glass-preview-bridge\evidence\market-frame-5480-painted.png (114473 bytes) status=flutter-first-frame
[bridge:market] saved C:\Users\Administrator.user-HP\AndroidStudioProjects\amana\glass-preview-bridge\evidence\market-frame-5488-painted.png (114473 bytes) status=flutter-first-frame
[bridge:market] saved C:\Users\Administrator.user-HP\AndroidStudioProjects\amana\glass-preview-bridge\evidence\market-frame-5496-painted.png (114473 bytes) status=flutter-first-frame
[bridge:market] saved C:\Users\Administrator.user-HP\AndroidStudioProjects\amana\glass-preview-bridge\evidence\market-frame-5504-painted.png (114473 bytes) status=flutter-first-frame
[bridge:market] saved C:\Users\Administrator.user-HP\AndroidStudioProjects\amana\glass-preview-bridge\evidence\market-frame-5512-painted.png (114473 bytes) status=flutter-first-frame
[bridge:market] saved C:\Users\Administrator.user-HP\AndroidStudioProjects\amana\glass-preview-bridge\evidence\market-frame-5520-painted.png (114473 bytes) status=flutter-first-frame
[bridge:market] saved C:\Users\Administrator.user-HP\AndroidStudioProjects\amana\glass-preview-bridge\evidence\market-frame-5528-painted.png (114473 bytes) status=flutter-first-frame
[bridge:market] saved C:\Users\Administrator.user-HP\AndroidStudioProjects\amana\glass-preview-bridge\evidence\market-frame-5536-painted.png (114473 bytes) status=flutter-first-frame
[bridge:market] saved C:\Users\Administrator.user-HP\AndroidStudioProjects\amana\glass-preview-bridge\evidence\market-frame-5544-painted.png (114473 bytes) status=flutter-first-frame
[bridge:market] saved C:\Users\Administrator.user-HP\AndroidStudioProjects\amana\glass-preview-bridge\evidence\market-frame-5552-painted.png (114473 bytes) status=flutter-first-frame
[bridge:market] saved C:\Users\Administrator.user-HP\AndroidStudioProjects\amana\glass-preview-bridge\evidence\market-frame-5560-painted.png (114473 bytes) status=flutter-first-frame
[bridge:market] saved C:\Users\Administrator.user-HP\AndroidStudioProjects\amana\glass-preview-bridge\evidence\market-frame-5568-painted.png (114473 bytes) status=flutter-first-frame
[bridge:market] saved C:\Users\Administrator.user-HP\AndroidStudioProjects\amana\glass-preview-bridge\evidence\market-frame-5576-painted.png (114473 bytes) status=flutter-first-frame
[bridge:market] saved C:\Users\Administrator.user-HP\AndroidStudioProjects\amana\glass-preview-bridge\evidence\market-frame-5584-painted.png (114473 bytes) status=flutter-first-frame
[bridge:market] saved C:\Users\Administrator.user-HP\AndroidStudioProjects\amana\glass-preview-bridge\evidence\market-frame-5592-painted.png (114473 bytes) status=flutter-first-frame
[bridge:market] saved C:\Users\Administrator.user-HP\AndroidStudioProjects\amana\glass-preview-bridge\evidence\market-frame-5600-painted.png (114473 bytes) status=flutter-first-frame
[bridge:market] saved C:\Users\Administrator.user-HP\AndroidStudioProjects\amana\glass-preview-bridge\evidence\market-frame-5608-painted.png (114473 bytes) status=flutter-first-frame
[bridge:market] saved C:\Users\Administrator.user-HP\AndroidStudioProjects\amana\glass-preview-bridge\evidence\market-frame-5616-painted.png (114473 bytes) status=flutter-first-frame
[bridge:market] saved C:\Users\Administrator.user-HP\AndroidStudioProjects\amana\glass-preview-bridge\evidence\market-frame-5624-painted.png (114473 bytes) status=flutter-first-frame
[bridge:market] saved C:\Users\Administrator.user-HP\AndroidStudioProjects\amana\glass-preview-bridge\evidence\market-frame-5632-painted.png (114473 bytes) status=flutter-first-frame
[bridge:market] saved C:\Users\Administrator.user-HP\AndroidStudioProjects\amana\glass-preview-bridge\evidence\market-frame-5640-painted.png (114473 bytes) status=flutter-first-frame
[bridge:market] saved C:\Users\Administrator.user-HP\AndroidStudioProjects\amana\glass-preview-bridge\evidence\market-frame-5648-painted.png (114473 bytes) status=flutter-first-frame
[bridge:market] saved C:\Users\Administrator.user-HP\AndroidStudioProjects\amana\glass-preview-bridge\evidence\market-frame-5656-painted.png (114473 bytes) status=flutter-first-frame
[bridge:market] saved C:\Users\Administrator.user-HP\AndroidStudioProjects\amana\glass-preview-bridge\evidence\market-frame-5664-painted.png (114473 bytes) status=flutter-first-frame
[bridge:market] saved C:\Users\Administrator.user-HP\AndroidStudioProjects\amana\glass-preview-bridge\evidence\market-frame-5672-painted.png (114473 bytes) status=flutter-first-frame
[bridge:market] saved C:\Users\Administrator.user-HP\AndroidStudioProjects\amana\glass-preview-bridge\evidence\market-frame-5680-painted.png (114473 bytes) status=flutter-first-frame
[bridge:market] saved C:\Users\Administrator.user-HP\AndroidStudioProjects\amana\glass-preview-bridge\evidence\market-frame-5688-painted.png (114473 bytes) status=flutter-first-frame
[bridge:market] saved C:\Users\Administrator.user-HP\AndroidStudioProjects\amana\glass-preview-bridge\evidence\market-frame-5696-painted.png (114473 bytes) status=flutter-first-frame
[bridge:market] saved C:\Users\Administrator.user-HP\AndroidStudioProjects\amana\glass-preview-bridge\evidence\market-frame-5704-painted.png (114473 bytes) status=flutter-first-frame
[bridge:market] saved C:\Users\Administrator.user-HP\AndroidStudioProjects\amana\glass-preview-bridge\evidence\market-frame-5712-painted.png (114473 bytes) status=flutter-first-frame
[bridge:market] saved C:\Users\Administrator.user-HP\AndroidStudioProjects\amana\glass-preview-bridge\evidence\market-frame-5720-painted.png (114473 bytes) status=flutter-first-frame
[bridge:market] saved C:\Users\Administrator.user-HP\AndroidStudioProjects\amana\glass-preview-bridge\evidence\market-frame-5728-painted.png (114473 bytes) status=flutter-first-frame
[bridge:market] saved C:\Users\Administrator.user-HP\AndroidStudioProjects\amana\glass-preview-bridge\evidence\market-frame-5736-painted.png (114473 bytes) status=flutter-first-frame
[bridge:market] saved C:\Users\Administrator.user-HP\AndroidStudioProjects\amana\glass-preview-bridge\evidence\market-frame-5744-painted.png (114473 bytes) status=flutter-first-frame
[bridge:market] saved C:\Users\Administrator.user-HP\AndroidStudioProjects\amana\glass-preview-bridge\evidence\market-frame-5752-painted.png (114473 bytes) status=flutter-first-frame
[bridge:market] saved C:\Users\Administrator.user-HP\AndroidStudioProjects\amana\glass-preview-bridge\evidence\market-frame-5760-painted.png (114473 bytes) status=flutter-first-frame
[bridge:market] saved C:\Users\Administrator.user-HP\AndroidStudioProjects\amana\glass-preview-bridge\evidence\market-frame-5768-painted.png (114473 bytes) status=flutter-first-frame
[bridge:market] saved C:\Users\Administrator.user-HP\AndroidStudioProjects\amana\glass-preview-bridge\evidence\market-frame-5776-painted.png (114473 bytes) status=flutter-first-frame
[bridge:market] saved C:\Users\Administrator.user-HP\AndroidStudioProjects\amana\glass-preview-bridge\evidence\market-frame-5784-painted.png (114473 bytes) status=flutter-first-frame
[bridge:market] saved C:\Users\Administrator.user-HP\AndroidStudioProjects\amana\glass-preview-bridge\evidence\market-frame-5792-painted.png (114473 bytes) status=flutter-first-frame
[bridge:market] saved C:\Users\Administrator.user-HP\AndroidStudioProjects\amana\glass-preview-bridge\evidence\market-frame-5800-painted.png (114473 bytes) status=flutter-first-frame
[bridge:market] saved C:\Users\Administrator.user-HP\AndroidStudioProjects\amana\glass-preview-bridge\evidence\market-frame-5808-painted.png (114473 bytes) status=flutter-first-frame
[bridge:market] saved C:\Users\Administrator.user-HP\AndroidStudioProjects\amana\glass-preview-bridge\evidence\market-frame-5816-painted.png (114473 bytes) status=flutter-first-frame
[bridge:market] saved C:\Users\Administrator.user-HP\AndroidStudioProjects\amana\glass-preview-bridge\evidence\market-frame-5824-painted.png (114473 bytes) status=flutter-first-frame
[bridge:market] saved C:\Users\Administrator.user-HP\AndroidStudioProjects\amana\glass-preview-bridge\evidence\market-frame-5832-painted.png (114473 bytes) status=flutter-first-frame
[bridge:market] saved C:\Users\Administrator.user-HP\AndroidStudioProjects\amana\glass-preview-bridge\evidence\market-frame-5840-painted.png (114473 bytes) status=flutter-first-frame
[bridge:market] saved C:\Users\Administrator.user-HP\AndroidStudioProjects\amana\glass-preview-bridge\evidence\market-frame-5848-painted.png (114473 bytes) status=flutter-first-frame
[bridge:market] saved C:\Users\Administrator.user-HP\AndroidStudioProjects\amana\glass-preview-bridge\evidence\market-frame-5856-painted.png (114473 bytes) status=flutter-first-frame
[bridge:market] saved C:\Users\Administrator.user-HP\AndroidStudioProjects\amana\glass-preview-bridge\evidence\market-frame-5864-painted.png (114473 bytes) status=flutter-first-frame
[bridge:market] saved C:\Users\Administrator.user-HP\AndroidStudioProjects\amana\glass-preview-bridge\evidence\market-frame-5872-painted.png (114473 bytes) status=flutter-first-frame
[bridge:market] saved C:\Users\Administrator.user-HP\AndroidStudioProjects\amana\glass-preview-bridge\evidence\market-frame-5880-painted.png (114473 bytes) status=flutter-first-frame
[bridge:market] saved C:\Users\Administrator.user-HP\AndroidStudioProjects\amana\glass-preview-bridge\evidence\market-frame-5888-painted.png (114473 bytes) status=flutter-first-frame
[bridge:market] saved C:\Users\Administrator.user-HP\AndroidStudioProjects\amana\glass-preview-bridge\evidence\market-frame-5896-painted.png (114473 bytes) status=flutter-first-frame
[bridge:market] saved C:\Users\Administrator.user-HP\AndroidStudioProjects\amana\glass-preview-bridge\evidence\market-frame-5904-painted.png (114473 bytes) status=flutter-first-frame
[bridge:market] saved C:\Users\Administrator.user-HP\AndroidStudioProjects\amana\glass-preview-bridge\evidence\market-frame-5912-painted.png (114473 bytes) status=flutter-first-frame
[bridge:market] saved C:\Users\Administrator.user-HP\AndroidStudioProjects\amana\glass-preview-bridge\evidence\market-frame-5920-painted.png (114473 bytes) status=flutter-first-frame
[bridge:market] saved C:\Users\Administrator.user-HP\AndroidStudioProjects\amana\glass-preview-bridge\evidence\market-frame-5928-painted.png (114473 bytes) status=flutter-first-frame
[bridge:market] saved C:\Users\Administrator.user-HP\AndroidStudioProjects\amana\glass-preview-bridge\evidence\market-frame-5936-painted.png (114473 bytes) status=flutter-first-frame
[bridge:market] saved C:\Users\Administrator.user-HP\AndroidStudioProjects\amana\glass-preview-bridge\evidence\market-frame-5944-painted.png (114473 bytes) status=flutter-first-frame
[bridge:market] saved C:\Users\Administrator.user-HP\AndroidStudioProjects\amana\glass-preview-bridge\evidence\market-frame-5952-painted.png (114473 bytes) status=flutter-first-frame
[bridge:market] saved C:\Users\Administrator.user-HP\AndroidStudioProjects\amana\glass-preview-bridge\evidence\market-frame-5960-painted.png (114473 bytes) status=flutter-first-frame
[bridge:market] saved C:\Users\Administrator.user-HP\AndroidStudioProjects\amana\glass-preview-bridge\evidence\market-frame-5968-painted.png (114473 bytes) status=flutter-first-frame
[bridge:market] saved C:\Users\Administrator.user-HP\AndroidStudioProjects\amana\glass-preview-bridge\evidence\market-frame-5976-painted.png (114473 bytes) status=flutter-first-frame
[bridge:market] saved C:\Users\Administrator.user-HP\AndroidStudioProjects\amana\glass-preview-bridge\evidence\market-frame-5984-painted.png (114473 bytes) status=flutter-first-frame
[bridge:market] saved C:\Users\Administrator.user-HP\AndroidStudioProjects\amana\glass-preview-bridge\evidence\market-frame-5992-painted.png (114473 bytes) status=flutter-first-frame
[bridge:market] saved C:\Users\Administrator.user-HP\AndroidStudioProjects\amana\glass-preview-bridge\evidence\market-frame-6000-painted.png (114473 bytes) status=flutter-first-frame
[bridge:market] saved C:\Users\Administrator.user-HP\AndroidStudioProjects\amana\glass-preview-bridge\evidence\market-frame-6008-painted.png (114473 bytes) status=flutter-first-frame
[bridge:market] saved C:\Users\Administrator.user-HP\AndroidStudioProjects\amana\glass-preview-bridge\evidence\market-frame-6016-painted.png (114473 bytes) status=flutter-first-frame
[bridge:market] saved C:\Users\Administrator.user-HP\AndroidStudioProjects\amana\glass-preview-bridge\evidence\market-frame-6024-painted.png (114473 bytes) status=flutter-first-frame
[bridge:market] saved C:\Users\Administrator.user-HP\AndroidStudioProjects\amana\glass-preview-bridge\evidence\market-frame-6032-painted.png (114473 bytes) status=flutter-first-frame
[bridge:market] saved C:\Users\Administrator.user-HP\AndroidStudioProjects\amana\glass-preview-bridge\evidence\market-frame-6040-painted.png (114473 bytes) status=flutter-first-frame
[bridge:market] saved C:\Users\Administrator.user-HP\AndroidStudioProjects\amana\glass-preview-bridge\evidence\market-frame-6048-painted.png (114473 bytes) status=flutter-first-frame
[bridge:market] saved C:\Users\Administrator.user-HP\AndroidStudioProjects\amana\glass-preview-bridge\evidence\market-frame-6056-painted.png (114473 bytes) status=flutter-first-frame
[bridge:market] saved C:\Users\Administrator.user-HP\AndroidStudioProjects\amana\glass-preview-bridge\evidence\market-frame-6064-painted.png (114473 bytes) status=flutter-first-frame
[bridge:market] saved C:\Users\Administrator.user-HP\AndroidStudioProjects\amana\glass-preview-bridge\evidence\market-frame-6072-painted.png (114473 bytes) status=flutter-first-frame
[bridge:market] saved C:\Users\Administrator.user-HP\AndroidStudioProjects\amana\glass-preview-bridge\evidence\market-frame-6080-painted.png (114473 bytes) status=flutter-first-frame
[bridge:market] saved C:\Users\Administrator.user-HP\AndroidStudioProjects\amana\glass-preview-bridge\evidence\market-frame-6088-painted.png (114473 bytes) status=flutter-first-frame
[bridge:market] saved C:\Users\Administrator.user-HP\AndroidStudioProjects\amana\glass-preview-bridge\evidence\market-frame-6096-painted.png (114473 bytes) status=flutter-first-frame
[bridge:market] saved C:\Users\Administrator.user-HP\AndroidStudioProjects\amana\glass-preview-bridge\evidence\market-frame-6104-painted.png (114473 bytes) status=flutter-first-frame
[bridge:market] saved C:\Users\Administrator.user-HP\AndroidStudioProjects\amana\glass-preview-bridge\evidence\market-frame-6112-painted.png (114473 bytes) status=flutter-first-frame
[bridge:market] saved C:\Users\Administrator.user-HP\AndroidStudioProjects\amana\glass-preview-bridge\evidence\market-frame-6120-painted.png (114473 bytes) status=flutter-first-frame
[bridge:market] saved C:\Users\Administrator.user-HP\AndroidStudioProjects\amana\glass-preview-bridge\evidence\market-frame-6128-painted.png (114473 bytes) status=flutter-first-frame
[bridge:market] saved C:\Users\Administrator.user-HP\AndroidStudioProjects\amana\glass-preview-bridge\evidence\market-frame-6136-painted.png (114473 bytes) status=flutter-first-frame
[bridge:market] saved C:\Users\Administrator.user-HP\AndroidStudioProjects\amana\glass-preview-bridge\evidence\market-frame-6144-painted.png (114473 bytes) status=flutter-first-frame
[bridge:market] saved C:\Users\Administrator.user-HP\AndroidStudioProjects\amana\glass-preview-bridge\evidence\market-frame-6152-painted.png (114473 bytes) status=flutter-first-frame
[bridge:market] saved C:\Users\Administrator.user-HP\AndroidStudioProjects\amana\glass-preview-bridge\evidence\market-frame-6160-painted.png (114473 bytes) status=flutter-first-frame
[bridge:market] saved C:\Users\Administrator.user-HP\AndroidStudioProjects\amana\glass-preview-bridge\evidence\market-frame-6168-painted.png (114473 bytes) status=flutter-first-frame
[bridge:market] saved C:\Users\Administrator.user-HP\AndroidStudioProjects\amana\glass-preview-bridge\evidence\market-frame-6176-painted.png (114473 bytes) status=flutter-first-frame
[bridge:market] saved C:\Users\Administrator.user-HP\AndroidStudioProjects\amana\glass-preview-bridge\evidence\market-frame-6184-painted.png (114473 bytes) status=flutter-first-frame
[bridge:market] saved C:\Users\Administrator.user-HP\AndroidStudioProjects\amana\glass-preview-bridge\evidence\market-frame-6192-painted.png (114473 bytes) status=flutter-first-frame
[bridge:market] saved C:\Users\Administrator.user-HP\AndroidStudioProjects\amana\glass-preview-bridge\evidence\market-frame-6200-painted.png (114473 bytes) status=flutter-first-frame
[bridge:market] saved C:\Users\Administrator.user-HP\AndroidStudioProjects\amana\glass-preview-bridge\evidence\market-frame-6208-painted.png (114473 bytes) status=flutter-first-frame
[bridge:market] saved C:\Users\Administrator.user-HP\AndroidStudioProjects\amana\glass-preview-bridge\evidence\market-frame-6216-painted.png (114473 bytes) status=flutter-first-frame
[bridge:market] saved C:\Users\Administrator.user-HP\AndroidStudioProjects\amana\glass-preview-bridge\evidence\market-frame-6224-painted.png (114473 bytes) status=flutter-first-frame
[bridge:market] saved C:\Users\Administrator.user-HP\AndroidStudioProjects\amana\glass-preview-bridge\evidence\market-frame-6232-painted.png (114473 bytes) status=flutter-first-frame
[bridge:market] saved C:\Users\Administrator.user-HP\AndroidStudioProjects\amana\glass-preview-bridge\evidence\market-frame-6240-painted.png (114473 bytes) status=flutter-first-frame
[bridge:market] saved C:\Users\Administrator.user-HP\AndroidStudioProjects\amana\glass-preview-bridge\evidence\market-frame-6248-painted.png (114473 bytes) status=flutter-first-frame
[bridge:market] saved C:\Users\Administrator.user-HP\AndroidStudioProjects\amana\glass-preview-bridge\evidence\market-frame-6256-painted.png (114473 bytes) status=flutter-first-frame
[bridge:market] saved C:\Users\Administrator.user-HP\AndroidStudioProjects\amana\glass-preview-bridge\evidence\market-frame-6264-painted.png (114473 bytes) status=flutter-first-frame
[bridge:market] saved C:\Users\Administrator.user-HP\AndroidStudioProjects\amana\glass-preview-bridge\evidence\market-frame-6272-painted.png (114473 bytes) status=flutter-first-frame
[bridge:market] saved C:\Users\Administrator.user-HP\AndroidStudioProjects\amana\glass-preview-bridge\evidence\market-frame-6280-painted.png (114473 bytes) status=flutter-first-frame
[bridge:market] saved C:\Users\Administrator.user-HP\AndroidStudioProjects\amana\glass-preview-bridge\evidence\market-frame-6288-painted.png (114473 bytes) status=flutter-first-frame
[bridge:market] saved C:\Users\Administrator.user-HP\AndroidStudioProjects\amana\glass-preview-bridge\evidence\market-frame-6296-painted.png (114473 bytes) status=flutter-first-frame
[bridge:market] saved C:\Users\Administrator.user-HP\AndroidStudioProjects\amana\glass-preview-bridge\evidence\market-frame-6304-painted.png (114473 bytes) status=flutter-first-frame
[bridge:market] saved C:\Users\Administrator.user-HP\AndroidStudioProjects\amana\glass-preview-bridge\evidence\market-frame-6312-painted.png (114473 bytes) status=flutter-first-frame
[bridge:market] saved C:\Users\Administrator.user-HP\AndroidStudioProjects\amana\glass-preview-bridge\evidence\market-frame-6320-painted.png (114473 bytes) status=flutter-first-frame
[bridge:market] saved C:\Users\Administrator.user-HP\AndroidStudioProjects\amana\glass-preview-bridge\evidence\market-frame-6328-painted.png (114473 bytes) status=flutter-first-frame
[bridge:market] saved C:\Users\Administrator.user-HP\AndroidStudioProjects\amana\glass-preview-bridge\evidence\market-frame-6336-painted.png (114473 bytes) status=flutter-first-frame
[bridge:market] saved C:\Users\Administrator.user-HP\AndroidStudioProjects\amana\glass-preview-bridge\evidence\market-frame-6344-painted.png (114473 bytes) status=flutter-first-frame
[bridge:market] saved C:\Users\Administrator.user-HP\AndroidStudioProjects\amana\glass-preview-bridge\evidence\market-frame-6352-painted.png (114473 bytes) status=flutter-first-frame
[bridge:market] saved C:\Users\Administrator.user-HP\AndroidStudioProjects\amana\glass-preview-bridge\evidence\market-frame-6360-painted.png (114473 bytes) status=flutter-first-frame
[bridge:market] saved C:\Users\Administrator.user-HP\AndroidStudioProjects\amana\glass-preview-bridge\evidence\market-frame-6368-painted.png (114473 bytes) status=flutter-first-frame
[bridge:market] saved C:\Users\Administrator.user-HP\AndroidStudioProjects\amana\glass-preview-bridge\evidence\market-frame-6376-painted.png (114473 bytes) status=flutter-first-frame
[bridge:market] saved C:\Users\Administrator.user-HP\AndroidStudioProjects\amana\glass-preview-bridge\evidence\market-frame-6384-painted.png (114473 bytes) status=flutter-first-frame
[bridge:market] saved C:\Users\Administrator.user-HP\AndroidStudioProjects\amana\glass-preview-bridge\evidence\market-frame-6392-painted.png (114473 bytes) status=flutter-first-frame
[bridge:market] saved C:\Users\Administrator.user-HP\AndroidStudioProjects\amana\glass-preview-bridge\evidence\market-frame-6400-painted.png (114473 bytes) status=flutter-first-frame
[bridge:market] saved C:\Users\Administrator.user-HP\AndroidStudioProjects\amana\glass-preview-bridge\evidence\market-frame-6408-painted.png (114473 bytes) status=flutter-first-frame
[bridge:market] saved C:\Users\Administrator.user-HP\AndroidStudioProjects\amana\glass-preview-bridge\evidence\market-frame-6416-painted.png (114473 bytes) status=flutter-first-frame
[bridge:market] saved C:\Users\Administrator.user-HP\AndroidStudioProjects\amana\glass-preview-bridge\evidence\market-frame-6424-painted.png (114473 bytes) status=flutter-first-frame
[bridge:market] saved C:\Users\Administrator.user-HP\AndroidStudioProjects\amana\glass-preview-bridge\evidence\market-frame-6432-painted.png (114473 bytes) status=flutter-first-frame
[bridge:market] saved C:\Users\Administrator.user-HP\AndroidStudioProjects\amana\glass-preview-bridge\evidence\market-frame-6440-painted.png (114473 bytes) status=flutter-first-frame
[bridge:market] saved C:\Users\Administrator.user-HP\AndroidStudioProjects\amana\glass-preview-bridge\evidence\market-frame-6448-painted.png (114473 bytes) status=flutter-first-frame
[bridge:market] saved C:\Users\Administrator.user-HP\AndroidStudioProjects\amana\glass-preview-bridge\evidence\market-frame-6456-painted.png (114473 bytes) status=flutter-first-frame
[bridge:market] saved C:\Users\Administrator.user-HP\AndroidStudioProjects\amana\glass-preview-bridge\evidence\market-frame-6464-painted.png (114473 bytes) status=flutter-first-frame
[bridge:market] saved C:\Users\Administrator.user-HP\AndroidStudioProjects\amana\glass-preview-bridge\evidence\market-frame-6472-painted.png (114473 bytes) status=flutter-first-frame
[bridge:market] saved C:\Users\Administrator.user-HP\AndroidStudioProjects\amana\glass-preview-bridge\evidence\market-frame-6480-painted.png (114473 bytes) status=flutter-first-frame
[bridge:market] saved C:\Users\Administrator.user-HP\AndroidStudioProjects\amana\glass-preview-bridge\evidence\market-frame-6488-painted.png (114473 bytes) status=flutter-first-frame
[bridge:market] saved C:\Users\Administrator.user-HP\AndroidStudioProjects\amana\glass-preview-bridge\evidence\market-frame-6496-painted.png (114473 bytes) status=flutter-first-frame
[bridge:market] saved C:\Users\Administrator.user-HP\AndroidStudioProjects\amana\glass-preview-bridge\evidence\market-frame-6504-painted.png (114473 bytes) status=flutter-first-frame
[bridge:market] saved C:\Users\Administrator.user-HP\AndroidStudioProjects\amana\glass-preview-bridge\evidence\market-frame-6512-painted.png (114473 bytes) status=flutter-first-frame
[bridge:market] saved C:\Users\Administrator.user-HP\AndroidStudioProjects\amana\glass-preview-bridge\evidence\market-frame-6520-painted.png (114473 bytes) status=flutter-first-frame
[bridge:market] saved C:\Users\Administrator.user-HP\AndroidStudioProjects\amana\glass-preview-bridge\evidence\market-frame-6528-painted.png (114473 bytes) status=flutter-first-frame
[bridge:market] saved C:\Users\Administrator.user-HP\AndroidStudioProjects\amana\glass-preview-bridge\evidence\market-frame-6536-painted.png (114473 bytes) status=flutter-first-frame
[bridge:market] saved C:\Users\Administrator.user-HP\AndroidStudioProjects\amana\glass-preview-bridge\evidence\market-frame-6544-painted.png (114473 bytes) status=flutter-first-frame
[bridge:market] saved C:\Users\Administrator.user-HP\AndroidStudioProjects\amana\glass-preview-bridge\evidence\market-frame-6552-painted.png (114473 bytes) status=flutter-first-frame
[bridge:market] saved C:\Users\Administrator.user-HP\AndroidStudioProjects\amana\glass-preview-bridge\evidence\market-frame-6560-painted.png (114473 bytes) status=flutter-first-frame
[bridge:market] saved C:\Users\Administrator.user-HP\AndroidStudioProjects\amana\glass-preview-bridge\evidence\market-frame-6568-painted.png (114473 bytes) status=flutter-first-frame
[bridge:market] saved C:\Users\Administrator.user-HP\AndroidStudioProjects\amana\glass-preview-bridge\evidence\market-frame-6576-painted.png (114473 bytes) status=flutter-first-frame
[bridge:market] saved C:\Users\Administrator.user-HP\AndroidStudioProjects\amana\glass-preview-bridge\evidence\market-frame-6584-painted.png (114473 bytes) status=flutter-first-frame
[bridge:market] saved C:\Users\Administrator.user-HP\AndroidStudioProjects\amana\glass-preview-bridge\evidence\market-frame-6592-painted.png (114473 bytes) status=flutter-first-frame
[bridge:market] saved C:\Users\Administrator.user-HP\AndroidStudioProjects\amana\glass-preview-bridge\evidence\market-frame-6600-painted.png (114473 bytes) status=flutter-first-frame
[bridge:market] saved C:\Users\Administrator.user-HP\AndroidStudioProjects\amana\glass-preview-bridge\evidence\market-frame-6608-painted.png (114473 bytes) status=flutter-first-frame
[bridge:market] saved C:\Users\Administrator.user-HP\AndroidStudioProjects\amana\glass-preview-bridge\evidence\market-frame-6616-painted.png (114473 bytes) status=flutter-first-frame
[bridge:market] saved C:\Users\Administrator.user-HP\AndroidStudioProjects\amana\glass-preview-bridge\evidence\market-frame-6624-painted.png (114473 bytes) status=flutter-first-frame
[bridge:market] saved C:\Users\Administrator.user-HP\AndroidStudioProjects\amana\glass-preview-bridge\evidence\market-frame-6632-painted.png (114473 bytes) status=flutter-first-frame
[bridge:market] saved C:\Users\Administrator.user-HP\AndroidStudioProjects\amana\glass-preview-bridge\evidence\market-frame-6640-painted.png (114473 bytes) status=flutter-first-frame
[bridge:market] saved C:\Users\Administrator.user-HP\AndroidStudioProjects\amana\glass-preview-bridge\evidence\market-frame-6648-painted.png (114473 bytes) status=flutter-first-frame
[bridge:market] saved C:\Users\Administrator.user-HP\AndroidStudioProjects\amana\glass-preview-bridge\evidence\market-frame-6656-painted.png (114473 bytes) status=flutter-first-frame
[bridge:market] saved C:\Users\Administrator.user-HP\AndroidStudioProjects\amana\glass-preview-bridge\evidence\market-frame-6664-painted.png (114473 bytes) status=flutter-first-frame
[bridge:market] saved C:\Users\Administrator.user-HP\AndroidStudioProjects\amana\glass-preview-bridge\evidence\market-frame-6672-painted.png (114473 bytes) status=flutter-first-frame
[bridge:market] saved C:\Users\Administrator.user-HP\AndroidStudioProjects\amana\glass-preview-bridge\evidence\market-frame-6680-painted.png (114473 bytes) status=flutter-first-frame
[bridge:market] saved C:\Users\Administrator.user-HP\AndroidStudioProjects\amana\glass-preview-bridge\evidence\market-frame-6688-painted.png (114473 bytes) status=flutter-first-frame
[bridge:market] saved C:\Users\Administrator.user-HP\AndroidStudioProjects\amana\glass-preview-bridge\evidence\market-frame-6696-painted.png (114473 bytes) status=flutter-first-frame
[bridge:market] saved C:\Users\Administrator.user-HP\AndroidStudioProjects\amana\glass-preview-bridge\evidence\market-frame-6704-painted.png (114473 bytes) status=flutter-first-frame
[bridge:market] saved C:\Users\Administrator.user-HP\AndroidStudioProjects\amana\glass-preview-bridge\evidence\market-frame-6712-painted.png (114473 bytes) status=flutter-first-frame
[bridge:market] saved C:\Users\Administrator.user-HP\AndroidStudioProjects\amana\glass-preview-bridge\evidence\market-frame-6720-painted.png (114473 bytes) status=flutter-first-frame
[bridge:market] saved C:\Users\Administrator.user-HP\AndroidStudioProjects\amana\glass-preview-bridge\evidence\market-frame-6728-painted.png (114473 bytes) status=flutter-first-frame
[bridge:market] saved C:\Users\Administrator.user-HP\AndroidStudioProjects\amana\glass-preview-bridge\evidence\market-frame-6736-painted.png (114473 bytes) status=flutter-first-frame
[bridge:market] saved C:\Users\Administrator.user-HP\AndroidStudioProjects\amana\glass-preview-bridge\evidence\market-frame-6744-painted.png (114473 bytes) status=flutter-first-frame
[bridge:market] saved C:\Users\Administrator.user-HP\AndroidStudioProjects\amana\glass-preview-bridge\evidence\market-frame-6752-painted.png (114473 bytes) status=flutter-first-frame
[bridge:market] saved C:\Users\Administrator.user-HP\AndroidStudioProjects\amana\glass-preview-bridge\evidence\market-frame-6760-painted.png (114473 bytes) status=flutter-first-frame
[bridge:market] saved C:\Users\Administrator.user-HP\AndroidStudioProjects\amana\glass-preview-bridge\evidence\market-frame-6768-painted.png (114473 bytes) status=flutter-first-frame
[bridge:market] saved C:\Users\Administrator.user-HP\AndroidStudioProjects\amana\glass-preview-bridge\evidence\market-frame-6776-painted.png (114473 bytes) status=flutter-first-frame
[bridge:market] saved C:\Users\Administrator.user-HP\AndroidStudioProjects\amana\glass-preview-bridge\evidence\market-frame-6784-painted.png (114473 bytes) status=flutter-first-frame
[bridge:market] saved C:\Users\Administrator.user-HP\AndroidStudioProjects\amana\glass-preview-bridge\evidence\market-frame-6792-painted.png (114473 bytes) status=flutter-first-frame
[bridge:market] saved C:\Users\Administrator.user-HP\AndroidStudioProjects\amana\glass-preview-bridge\evidence\market-frame-6800-painted.png (114473 bytes) status=flutter-first-frame
[bridge:market] saved C:\Users\Administrator.user-HP\AndroidStudioProjects\amana\glass-preview-bridge\evidence\market-frame-6808-painted.png (114473 bytes) status=flutter-first-frame
[bridge:market] saved C:\Users\Administrator.user-HP\AndroidStudioProjects\amana\glass-preview-bridge\evidence\market-frame-6816-painted.png (114473 bytes) status=flutter-first-frame
[bridge:market] saved C:\Users\Administrator.user-HP\AndroidStudioProjects\amana\glass-preview-bridge\evidence\market-frame-6824-painted.png (114473 bytes) status=flutter-first-frame
[bridge:market] saved C:\Users\Administrator.user-HP\AndroidStudioProjects\amana\glass-preview-bridge\evidence\market-frame-6832-painted.png (114473 bytes) status=flutter-first-frame
[bridge:market] saved C:\Users\Administrator.user-HP\AndroidStudioProjects\amana\glass-preview-bridge\evidence\market-frame-6840-painted.png (114473 bytes) status=flutter-first-frame
[bridge:market] saved C:\Users\Administrator.user-HP\AndroidStudioProjects\amana\glass-preview-bridge\evidence\market-frame-6848-painted.png (114473 bytes) status=flutter-first-frame
[bridge:market] saved C:\Users\Administrator.user-HP\AndroidStudioProjects\amana\glass-preview-bridge\evidence\market-frame-6856-painted.png (114473 bytes) status=flutter-first-frame
[bridge:market] saved C:\Users\Administrator.user-HP\AndroidStudioProjects\amana\glass-preview-bridge\evidence\market-frame-6864-painted.png (114473 bytes) status=flutter-first-frame
[bridge:market] saved C:\Users\Administrator.user-HP\AndroidStudioProjects\amana\glass-preview-bridge\evidence\market-frame-6872-painted.png (114473 bytes) status=flutter-first-frame
[bridge:market] saved C:\Users\Administrator.user-HP\AndroidStudioProjects\amana\glass-preview-bridge\evidence\market-frame-6880-painted.png (114473 bytes) status=flutter-first-frame
[bridge:market] saved C:\Users\Administrator.user-HP\AndroidStudioProjects\amana\glass-preview-bridge\evidence\market-frame-6888-painted.png (114473 bytes) status=flutter-first-frame
[bridge:market] saved C:\Users\Administrator.user-HP\AndroidStudioProjects\amana\glass-preview-bridge\evidence\market-frame-6896-painted.png (114473 bytes) status=flutter-first-frame
[bridge:market] saved C:\Users\Administrator.user-HP\AndroidStudioProjects\amana\glass-preview-bridge\evidence\market-frame-6904-painted.png (114473 bytes) status=flutter-first-frame
[bridge:market] saved C:\Users\Administrator.user-HP\AndroidStudioProjects\amana\glass-preview-bridge\evidence\market-frame-6912-painted.png (114473 bytes) status=flutter-first-frame
[bridge:market] saved C:\Users\Administrator.user-HP\AndroidStudioProjects\amana\glass-preview-bridge\evidence\market-frame-6920-painted.png (114473 bytes) status=flutter-first-frame
[bridge:market] saved C:\Users\Administrator.user-HP\AndroidStudioProjects\amana\glass-preview-bridge\evidence\market-frame-6928-painted.png (114473 bytes) status=flutter-first-frame
[bridge:market] saved C:\Users\Administrator.user-HP\AndroidStudioProjects\amana\glass-preview-bridge\evidence\market-frame-6936-painted.png (114473 bytes) status=flutter-first-frame
[bridge:market] saved C:\Users\Administrator.user-HP\AndroidStudioProjects\amana\glass-preview-bridge\evidence\market-frame-6944-painted.png (114473 bytes) status=flutter-first-frame
[bridge:market] saved C:\Users\Administrator.user-HP\AndroidStudioProjects\amana\glass-preview-bridge\evidence\market-frame-6952-painted.png (114473 bytes) status=flutter-first-frame
[bridge:market] saved C:\Users\Administrator.user-HP\AndroidStudioProjects\amana\glass-preview-bridge\evidence\market-frame-6960-painted.png (114473 bytes) status=flutter-first-frame
[bridge:market] saved C:\Users\Administrator.user-HP\AndroidStudioProjects\amana\glass-preview-bridge\evidence\market-frame-6968-painted.png (114473 bytes) status=flutter-first-frame
[bridge:market] saved C:\Users\Administrator.user-HP\AndroidStudioProjects\amana\glass-preview-bridge\evidence\market-frame-6976-painted.png (114473 bytes) status=flutter-first-frame
[bridge:market] saved C:\Users\Administrator.user-HP\AndroidStudioProjects\amana\glass-preview-bridge\evidence\market-frame-6984-painted.png (114473 bytes) status=flutter-first-frame
[bridge:market] saved C:\Users\Administrator.user-HP\AndroidStudioProjects\amana\glass-preview-bridge\evidence\market-frame-6992-painted.png (114473 bytes) status=flutter-first-frame
[bridge:market] saved C:\Users\Administrator.user-HP\AndroidStudioProjects\amana\glass-preview-bridge\evidence\market-frame-7000-painted.png (114473 bytes) status=flutter-first-frame
[bridge:market] saved C:\Users\Administrator.user-HP\AndroidStudioProjects\amana\glass-preview-bridge\evidence\market-frame-7008-painted.png (114473 bytes) status=flutter-first-frame
[bridge:market] saved C:\Users\Administrator.user-HP\AndroidStudioProjects\amana\glass-preview-bridge\evidence\market-frame-7016-painted.png (114473 bytes) status=flutter-first-frame
[bridge:market] saved C:\Users\Administrator.user-HP\AndroidStudioProjects\amana\glass-preview-bridge\evidence\market-frame-7024-painted.png (114473 bytes) status=flutter-first-frame
[bridge:market] saved C:\Users\Administrator.user-HP\AndroidStudioProjects\amana\glass-preview-bridge\evidence\market-frame-7032-painted.png (114473 bytes) status=flutter-first-frame
[bridge:market] saved C:\Users\Administrator.user-HP\AndroidStudioProjects\amana\glass-preview-bridge\evidence\market-frame-7040-painted.png (114473 bytes) status=flutter-first-frame
[bridge:market] saved C:\Users\Administrator.user-HP\AndroidStudioProjects\amana\glass-preview-bridge\evidence\market-frame-7048-painted.png (114473 bytes) status=flutter-first-frame
[bridge:market] saved C:\Users\Administrator.user-HP\AndroidStudioProjects\amana\glass-preview-bridge\evidence\market-frame-7056-painted.png (114473 bytes) status=flutter-first-frame
[bridge:market] saved C:\Users\Administrator.user-HP\AndroidStudioProjects\amana\glass-preview-bridge\evidence\market-frame-7064-painted.png (114473 bytes) status=flutter-first-frame
[bridge:market] saved C:\Users\Administrator.user-HP\AndroidStudioProjects\amana\glass-preview-bridge\evidence\market-frame-7072-painted.png (114473 bytes) status=flutter-first-frame
[bridge:market] saved C:\Users\Administrator.user-HP\AndroidStudioProjects\amana\glass-preview-bridge\evidence\market-frame-7080-painted.png (114473 bytes) status=flutter-first-frame
[bridge:market] saved C:\Users\Administrator.user-HP\AndroidStudioProjects\amana\glass-preview-bridge\evidence\market-frame-7088-painted.png (114473 bytes) status=flutter-first-frame
[bridge:market] saved C:\Users\Administrator.user-HP\AndroidStudioProjects\amana\glass-preview-bridge\evidence\market-frame-7096-painted.png (114473 bytes) status=flutter-first-frame
[bridge:market] saved C:\Users\Administrator.user-HP\AndroidStudioProjects\amana\glass-preview-bridge\evidence\market-frame-7104-painted.png (114473 bytes) status=flutter-first-frame
[bridge:market] saved C:\Users\Administrator.user-HP\AndroidStudioProjects\amana\glass-preview-bridge\evidence\market-frame-7112-painted.png (114473 bytes) status=flutter-first-frame
[bridge:market] saved C:\Users\Administrator.user-HP\AndroidStudioProjects\amana\glass-preview-bridge\evidence\market-frame-7120-painted.png (114473 bytes) status=flutter-first-frame
[bridge:market] saved C:\Users\Administrator.user-HP\AndroidStudioProjects\amana\glass-preview-bridge\evidence\market-frame-7128-painted.png (114473 bytes) status=flutter-first-frame
[bridge:market] saved C:\Users\Administrator.user-HP\AndroidStudioProjects\amana\glass-preview-bridge\evidence\market-frame-7136-painted.png (114473 bytes) status=flutter-first-frame
[bridge:market] saved C:\Users\Administrator.user-HP\AndroidStudioProjects\amana\glass-preview-bridge\evidence\market-frame-7144-painted.png (114473 bytes) status=flutter-first-frame
[bridge:market] saved C:\Users\Administrator.user-HP\AndroidStudioProjects\amana\glass-preview-bridge\evidence\market-frame-7152-painted.png (114473 bytes) status=flutter-first-frame
[bridge:market] saved C:\Users\Administrator.user-HP\AndroidStudioProjects\amana\glass-preview-bridge\evidence\market-frame-7160-painted.png (114473 bytes) status=flutter-first-frame
[bridge:market] saved C:\Users\Administrator.user-HP\AndroidStudioProjects\amana\glass-preview-bridge\evidence\market-frame-7168-painted.png (114473 bytes) status=flutter-first-frame
[bridge:market] saved C:\Users\Administrator.user-HP\AndroidStudioProjects\amana\glass-preview-bridge\evidence\market-frame-7176-painted.png (114473 bytes) status=flutter-first-frame
[bridge:market] saved C:\Users\Administrator.user-HP\AndroidStudioProjects\amana\glass-preview-bridge\evidence\market-frame-7184-painted.png (114473 bytes) status=flutter-first-frame
[bridge:market] saved C:\Users\Administrator.user-HP\AndroidStudioProjects\amana\glass-preview-bridge\evidence\market-frame-7192-painted.png (114473 bytes) status=flutter-first-frame
[bridge:market] saved C:\Users\Administrator.user-HP\AndroidStudioProjects\amana\glass-preview-bridge\evidence\market-frame-7200-painted.png (114473 bytes) status=flutter-first-frame
[bridge:market] saved C:\Users\Administrator.user-HP\AndroidStudioProjects\amana\glass-preview-bridge\evidence\market-frame-7208-painted.png (114473 bytes) status=flutter-first-frame
[bridge:market] saved C:\Users\Administrator.user-HP\AndroidStudioProjects\amana\glass-preview-bridge\evidence\market-frame-7216-painted.png (114473 bytes) status=flutter-first-frame
[bridge:market] saved C:\Users\Administrator.user-HP\AndroidStudioProjects\amana\glass-preview-bridge\evidence\market-frame-7224-painted.png (114473 bytes) status=flutter-first-frame
[bridge:market] saved C:\Users\Administrator.user-HP\AndroidStudioProjects\amana\glass-preview-bridge\evidence\market-frame-7232-painted.png (114473 bytes) status=flutter-first-frame
[bridge:market] saved C:\Users\Administrator.user-HP\AndroidStudioProjects\amana\glass-preview-bridge\evidence\market-frame-7240-painted.png (114473 bytes) status=flutter-first-frame
[bridge:market] saved C:\Users\Administrator.user-HP\AndroidStudioProjects\amana\glass-preview-bridge\evidence\market-frame-7248-painted.png (114473 bytes) status=flutter-first-frame
[bridge:market] saved C:\Users\Administrator.user-HP\AndroidStudioProjects\amana\glass-preview-bridge\evidence\market-frame-7256-painted.png (114473 bytes) status=flutter-first-frame
[bridge:market] saved C:\Users\Administrator.user-HP\AndroidStudioProjects\amana\glass-preview-bridge\evidence\market-frame-7264-painted.png (114473 bytes) status=flutter-first-frame
[bridge:market] saved C:\Users\Administrator.user-HP\AndroidStudioProjects\amana\glass-preview-bridge\evidence\market-frame-7272-painted.png (114473 bytes) status=flutter-first-frame
[bridge:market] saved C:\Users\Administrator.user-HP\AndroidStudioProjects\amana\glass-preview-bridge\evidence\market-frame-7280-painted.png (114473 bytes) status=flutter-first-frame
[bridge:market] saved C:\Users\Administrator.user-HP\AndroidStudioProjects\amana\glass-preview-bridge\evidence\market-frame-7288-painted.png (114473 bytes) status=flutter-first-frame
[bridge:market] saved C:\Users\Administrator.user-HP\AndroidStudioProjects\amana\glass-preview-bridge\evidence\market-frame-7296-painted.png (114473 bytes) status=flutter-first-frame
[bridge:market] saved C:\Users\Administrator.user-HP\AndroidStudioProjects\amana\glass-preview-bridge\evidence\market-frame-7304-painted.png (114473 bytes) status=flutter-first-frame
[bridge:market] saved C:\Users\Administrator.user-HP\AndroidStudioProjects\amana\glass-preview-bridge\evidence\market-frame-7312-painted.png (114473 bytes) status=flutter-first-frame
[bridge:market] saved C:\Users\Administrator.user-HP\AndroidStudioProjects\amana\glass-preview-bridge\evidence\market-frame-7320-painted.png (114473 bytes) status=flutter-first-frame
[bridge:market] saved C:\Users\Administrator.user-HP\AndroidStudioProjects\amana\glass-preview-bridge\evidence\market-frame-7328-painted.png (114473 bytes) status=flutter-first-frame
[bridge:market] saved C:\Users\Administrator.user-HP\AndroidStudioProjects\amana\glass-preview-bridge\evidence\market-frame-7336-painted.png (114473 bytes) status=flutter-first-frame
[bridge:market] saved C:\Users\Administrator.user-HP\AndroidStudioProjects\amana\glass-preview-bridge\evidence\market-frame-7344-painted.png (114473 bytes) status=flutter-first-frame
[bridge:market] saved C:\Users\Administrator.user-HP\AndroidStudioProjects\amana\glass-preview-bridge\evidence\market-frame-7352-painted.png (114473 bytes) status=flutter-first-frame
[bridge:market] saved C:\Users\Administrator.user-HP\AndroidStudioProjects\amana\glass-preview-bridge\evidence\market-frame-7360-painted.png (114473 bytes) status=flutter-first-frame
[bridge:market] saved C:\Users\Administrator.user-HP\AndroidStudioProjects\amana\glass-preview-bridge\evidence\market-frame-7368-painted.png (114473 bytes) status=flutter-first-frame
[bridge:market] saved C:\Users\Administrator.user-HP\AndroidStudioProjects\amana\glass-preview-bridge\evidence\market-frame-7376-painted.png (114473 bytes) status=flutter-first-frame
[bridge:market] saved C:\Users\Administrator.user-HP\AndroidStudioProjects\amana\glass-preview-bridge\evidence\market-frame-7384-painted.png (114473 bytes) status=flutter-first-frame
[bridge:market] saved C:\Users\Administrator.user-HP\AndroidStudioProjects\amana\glass-preview-bridge\evidence\market-frame-7392-painted.png (114473 bytes) status=flutter-first-frame
[bridge:market] saved C:\Users\Administrator.user-HP\AndroidStudioProjects\amana\glass-preview-bridge\evidence\market-frame-7400-painted.png (114473 bytes) status=flutter-first-frame
[bridge:market] saved C:\Users\Administrator.user-HP\AndroidStudioProjects\amana\glass-preview-bridge\evidence\market-frame-7408-painted.png (114473 bytes) status=flutter-first-frame
[bridge:market] saved C:\Users\Administrator.user-HP\AndroidStudioProjects\amana\glass-preview-bridge\evidence\market-frame-7416-painted.png (114473 bytes) status=flutter-first-frame
[bridge:market] saved C:\Users\Administrator.user-HP\AndroidStudioProjects\amana\glass-preview-bridge\evidence\market-frame-7424-painted.png (114473 bytes) status=flutter-first-frame
[bridge:market] saved C:\Users\Administrator.user-HP\AndroidStudioProjects\amana\glass-preview-bridge\evidence\market-frame-7432-painted.png (114473 bytes) status=flutter-first-frame
[bridge:market] saved C:\Users\Administrator.user-HP\AndroidStudioProjects\amana\glass-preview-bridge\evidence\market-frame-7440-painted.png (114473 bytes) status=flutter-first-frame
[bridge:market] saved C:\Users\Administrator.user-HP\AndroidStudioProjects\amana\glass-preview-bridge\evidence\market-frame-7448-painted.png (114473 bytes) status=flutter-first-frame
[bridge:market] saved C:\Users\Administrator.user-HP\AndroidStudioProjects\amana\glass-preview-bridge\evidence\market-frame-7456-painted.png (114473 bytes) status=flutter-first-frame
[bridge:market] saved C:\Users\Administrator.user-HP\AndroidStudioProjects\amana\glass-preview-bridge\evidence\market-frame-7464-painted.png (114473 bytes) status=flutter-first-frame
[bridge:market] saved C:\Users\Administrator.user-HP\AndroidStudioProjects\amana\glass-preview-bridge\evidence\market-frame-7472-painted.png (114473 bytes) status=flutter-first-frame
[bridge:market] saved C:\Users\Administrator.user-HP\AndroidStudioProjects\amana\glass-preview-bridge\evidence\market-frame-7480-painted.png (114473 bytes) status=flutter-first-frame
[bridge:market] saved C:\Users\Administrator.user-HP\AndroidStudioProjects\amana\glass-preview-bridge\evidence\market-frame-7488-painted.png (114473 bytes) status=flutter-first-frame
[bridge:market] saved C:\Users\Administrator.user-HP\AndroidStudioProjects\amana\glass-preview-bridge\evidence\market-frame-7496-painted.png (114473 bytes) status=flutter-first-frame
[bridge:market] saved C:\Users\Administrator.user-HP\AndroidStudioProjects\amana\glass-preview-bridge\evidence\market-frame-7504-painted.png (114473 bytes) status=flutter-first-frame
[bridge:market] saved C:\Users\Administrator.user-HP\AndroidStudioProjects\amana\glass-preview-bridge\evidence\market-frame-7512-painted.png (114473 bytes) status=flutter-first-frame
[bridge:market] saved C:\Users\Administrator.user-HP\AndroidStudioProjects\amana\glass-preview-bridge\evidence\market-frame-7520-painted.png (114473 bytes) status=flutter-first-frame
[bridge:market] saved C:\Users\Administrator.user-HP\AndroidStudioProjects\amana\glass-preview-bridge\evidence\market-frame-7528-painted.png (114473 bytes) status=flutter-first-frame
[bridge:market] saved C:\Users\Administrator.user-HP\AndroidStudioProjects\amana\glass-preview-bridge\evidence\market-frame-7536-painted.png (114473 bytes) status=flutter-first-frame
[bridge:market] saved C:\Users\Administrator.user-HP\AndroidStudioProjects\amana\glass-preview-bridge\evidence\market-frame-7544-painted.png (114473 bytes) status=flutter-first-frame
[bridge:market] saved C:\Users\Administrator.user-HP\AndroidStudioProjects\amana\glass-preview-bridge\evidence\market-frame-7552-painted.png (114473 bytes) status=flutter-first-frame
[bridge:market] saved C:\Users\Administrator.user-HP\AndroidStudioProjects\amana\glass-preview-bridge\evidence\market-frame-7560-painted.png (114473 bytes) status=flutter-first-frame
[bridge:market] saved C:\Users\Administrator.user-HP\AndroidStudioProjects\amana\glass-preview-bridge\evidence\market-frame-7568-painted.png (114473 bytes) status=flutter-first-frame
[bridge:market] saved C:\Users\Administrator.user-HP\AndroidStudioProjects\amana\glass-preview-bridge\evidence\market-frame-7576-painted.png (114473 bytes) status=flutter-first-frame
[bridge:market] saved C:\Users\Administrator.user-HP\AndroidStudioProjects\amana\glass-preview-bridge\evidence\market-frame-7584-painted.png (114473 bytes) status=flutter-first-frame
[bridge:market] saved C:\Users\Administrator.user-HP\AndroidStudioProjects\amana\glass-preview-bridge\evidence\market-frame-7592-painted.png (114473 bytes) status=flutter-first-frame
[bridge:market] saved C:\Users\Administrator.user-HP\AndroidStudioProjects\amana\glass-preview-bridge\evidence\market-frame-7600-painted.png (114473 bytes) status=flutter-first-frame
[bridge:market] saved C:\Users\Administrator.user-HP\AndroidStudioProjects\amana\glass-preview-bridge\evidence\market-frame-7608-painted.png (114473 bytes) status=flutter-first-frame
[bridge:market] saved C:\Users\Administrator.user-HP\AndroidStudioProjects\amana\glass-preview-bridge\evidence\market-frame-7616-painted.png (114473 bytes) status=flutter-first-frame
[bridge:market] saved C:\Users\Administrator.user-HP\AndroidStudioProjects\amana\glass-preview-bridge\evidence\market-frame-7624-painted.png (114473 bytes) status=flutter-first-frame
[bridge:market] saved C:\Users\Administrator.user-HP\AndroidStudioProjects\amana\glass-preview-bridge\evidence\market-frame-7632-painted.png (114473 bytes) status=flutter-first-frame
[bridge:market] saved C:\Users\Administrator.user-HP\AndroidStudioProjects\amana\glass-preview-bridge\evidence\market-frame-7640-painted.png (114473 bytes) status=flutter-first-frame
[bridge:market] saved C:\Users\Administrator.user-HP\AndroidStudioProjects\amana\glass-preview-bridge\evidence\market-frame-7648-painted.png (114473 bytes) status=flutter-first-frame
[bridge:market] saved C:\Users\Administrator.user-HP\AndroidStudioProjects\amana\glass-preview-bridge\evidence\market-frame-7656-painted.png (114473 bytes) status=flutter-first-frame
[bridge:market] saved C:\Users\Administrator.user-HP\AndroidStudioProjects\amana\glass-preview-bridge\evidence\market-frame-7664-painted.png (114473 bytes) status=flutter-first-frame
[bridge:market] saved C:\Users\Administrator.user-HP\AndroidStudioProjects\amana\glass-preview-bridge\evidence\market-frame-7672-painted.png (114473 bytes) status=flutter-first-frame
[bridge:market] saved C:\Users\Administrator.user-HP\AndroidStudioProjects\amana\glass-preview-bridge\evidence\market-frame-7680-painted.png (114473 bytes) status=flutter-first-frame
[bridge:market] saved C:\Users\Administrator.user-HP\AndroidStudioProjects\amana\glass-preview-bridge\evidence\market-frame-7688-painted.png (114473 bytes) status=flutter-first-frame
[bridge:market] saved C:\Users\Administrator.user-HP\AndroidStudioProjects\amana\glass-preview-bridge\evidence\market-frame-7696-painted.png (114473 bytes) status=flutter-first-frame
[bridge:market] saved C:\Users\Administrator.user-HP\AndroidStudioProjects\amana\glass-preview-bridge\evidence\market-frame-7704-painted.png (114473 bytes) status=flutter-first-frame
[bridge:market] saved C:\Users\Administrator.user-HP\AndroidStudioProjects\amana\glass-preview-bridge\evidence\market-frame-7712-painted.png (114473 bytes) status=flutter-first-frame
[bridge:market] saved C:\Users\Administrator.user-HP\AndroidStudioProjects\amana\glass-preview-bridge\evidence\market-frame-7720-painted.png (114473 bytes) status=flutter-first-frame
[bridge:market] saved C:\Users\Administrator.user-HP\AndroidStudioProjects\amana\glass-preview-bridge\evidence\market-frame-7728-painted.png (114473 bytes) status=flutter-first-frame
[bridge:market] saved C:\Users\Administrator.user-HP\AndroidStudioProjects\amana\glass-preview-bridge\evidence\market-frame-7736-painted.png (114473 bytes) status=flutter-first-frame
[bridge:market] saved C:\Users\Administrator.user-HP\AndroidStudioProjects\amana\glass-preview-bridge\evidence\market-frame-7744-painted.png (114473 bytes) status=flutter-first-frame
[bridge:market] saved C:\Users\Administrator.user-HP\AndroidStudioProjects\amana\glass-preview-bridge\evidence\market-frame-7752-painted.png (114473 bytes) status=flutter-first-frame
[bridge:market] saved C:\Users\Administrator.user-HP\AndroidStudioProjects\amana\glass-preview-bridge\evidence\market-frame-7760-painted.png (114473 bytes) status=flutter-first-frame
[bridge:market] saved C:\Users\Administrator.user-HP\AndroidStudioProjects\amana\glass-preview-bridge\evidence\market-frame-7768-painted.png (114473 bytes) status=flutter-first-frame
[bridge:market] saved C:\Users\Administrator.user-HP\AndroidStudioProjects\amana\glass-preview-bridge\evidence\market-frame-7776-painted.png (114473 bytes) status=flutter-first-frame
[bridge:market] saved C:\Users\Administrator.user-HP\AndroidStudioProjects\amana\glass-preview-bridge\evidence\market-frame-7784-painted.png (114473 bytes) status=flutter-first-frame
[bridge:market] saved C:\Users\Administrator.user-HP\AndroidStudioProjects\amana\glass-preview-bridge\evidence\market-frame-7792-painted.png (114473 bytes) status=flutter-first-frame
[bridge:market] saved C:\Users\Administrator.user-HP\AndroidStudioProjects\amana\glass-preview-bridge\evidence\market-frame-7800-painted.png (114473 bytes) status=flutter-first-frame
[bridge:market] saved C:\Users\Administrator.user-HP\AndroidStudioProjects\amana\glass-preview-bridge\evidence\market-frame-7808-painted.png (114473 bytes) status=flutter-first-frame
[bridge:market] saved C:\Users\Administrator.user-HP\AndroidStudioProjects\amana\glass-preview-bridge\evidence\market-frame-7816-painted.png (114473 bytes) status=flutter-first-frame
[bridge:market] saved C:\Users\Administrator.user-HP\AndroidStudioProjects\amana\glass-preview-bridge\evidence\market-frame-7824-painted.png (114473 bytes) status=flutter-first-frame
[bridge:market] saved C:\Users\Administrator.user-HP\AndroidStudioProjects\amana\glass-preview-bridge\evidence\market-frame-7832-painted.png (114473 bytes) status=flutter-first-frame
[bridge:market] saved C:\Users\Administrator.user-HP\AndroidStudioProjects\amana\glass-preview-bridge\evidence\market-frame-7840-painted.png (114473 bytes) status=flutter-first-frame
[bridge:market] saved C:\Users\Administrator.user-HP\AndroidStudioProjects\amana\glass-preview-bridge\evidence\market-frame-7848-painted.png (114473 bytes) status=flutter-first-frame
[bridge:market] saved C:\Users\Administrator.user-HP\AndroidStudioProjects\amana\glass-preview-bridge\evidence\market-frame-7856-painted.png (114473 bytes) status=flutter-first-frame
[bridge:market] saved C:\Users\Administrator.user-HP\AndroidStudioProjects\amana\glass-preview-bridge\evidence\market-frame-7864-painted.png (114473 bytes) status=flutter-first-frame
[bridge:market] saved C:\Users\Administrator.user-HP\AndroidStudioProjects\amana\glass-preview-bridge\evidence\market-frame-7872-painted.png (114473 bytes) status=flutter-first-frame
[bridge:market] saved C:\Users\Administrator.user-HP\AndroidStudioProjects\amana\glass-preview-bridge\evidence\market-frame-7880-painted.png (114473 bytes) status=flutter-first-frame
[bridge:market] saved C:\Users\Administrator.user-HP\AndroidStudioProjects\amana\glass-preview-bridge\evidence\market-frame-7888-painted.png (114473 bytes) status=flutter-first-frame
[bridge:market] saved C:\Users\Administrator.user-HP\AndroidStudioProjects\amana\glass-preview-bridge\evidence\market-frame-7896-painted.png (114473 bytes) status=flutter-first-frame
[bridge:market] saved C:\Users\Administrator.user-HP\AndroidStudioProjects\amana\glass-preview-bridge\evidence\market-frame-7904-painted.png (114473 bytes) status=flutter-first-frame
[bridge:market] saved C:\Users\Administrator.user-HP\AndroidStudioProjects\amana\glass-preview-bridge\evidence\market-frame-7912-painted.png (114473 bytes) status=flutter-first-frame
[bridge:market] saved C:\Users\Administrator.user-HP\AndroidStudioProjects\amana\glass-preview-bridge\evidence\market-frame-7920-painted.png (114473 bytes) status=flutter-first-frame
[bridge:market] saved C:\Users\Administrator.user-HP\AndroidStudioProjects\amana\glass-preview-bridge\evidence\market-frame-7928-painted.png (114473 bytes) status=flutter-first-frame
[bridge:market] saved C:\Users\Administrator.user-HP\AndroidStudioProjects\amana\glass-preview-bridge\evidence\market-frame-7936-painted.png (114473 bytes) status=flutter-first-frame
[bridge:market] saved C:\Users\Administrator.user-HP\AndroidStudioProjects\amana\glass-preview-bridge\evidence\market-frame-7944-painted.png (114473 bytes) status=flutter-first-frame
[bridge:market] saved C:\Users\Administrator.user-HP\AndroidStudioProjects\amana\glass-preview-bridge\evidence\market-frame-7952-painted.png (114473 bytes) status=flutter-first-frame
[bridge:market] saved C:\Users\Administrator.user-HP\AndroidStudioProjects\amana\glass-preview-bridge\evidence\market-frame-7960-painted.png (114473 bytes) status=flutter-first-frame
[bridge:market] saved C:\Users\Administrator.user-HP\AndroidStudioProjects\amana\glass-preview-bridge\evidence\market-frame-7968-painted.png (114473 bytes) status=flutter-first-frame
[bridge:market] saved C:\Users\Administrator.user-HP\AndroidStudioProjects\amana\glass-preview-bridge\evidence\market-frame-7976-painted.png (114473 bytes) status=flutter-first-frame
[bridge:market] saved C:\Users\Administrator.user-HP\AndroidStudioProjects\amana\glass-preview-bridge\evidence\market-frame-7984-painted.png (114473 bytes) status=flutter-first-frame
[bridge:market] saved C:\Users\Administrator.user-HP\AndroidStudioProjects\amana\glass-preview-bridge\evidence\market-frame-7992-painted.png (114473 bytes) status=flutter-first-frame
[bridge:market] saved C:\Users\Administrator.user-HP\AndroidStudioProjects\amana\glass-preview-bridge\evidence\market-frame-8000-painted.png (114473 bytes) status=flutter-first-frame
[bridge:market] saved C:\Users\Administrator.user-HP\AndroidStudioProjects\amana\glass-preview-bridge\evidence\market-frame-8008-painted.png (114473 bytes) status=flutter-first-frame
[bridge:market] saved C:\Users\Administrator.user-HP\AndroidStudioProjects\amana\glass-preview-bridge\evidence\market-frame-8016-painted.png (114473 bytes) status=flutter-first-frame
[bridge:market] saved C:\Users\Administrator.user-HP\AndroidStudioProjects\amana\glass-preview-bridge\evidence\market-frame-8024-painted.png (114473 bytes) status=flutter-first-frame
[bridge:market] saved C:\Users\Administrator.user-HP\AndroidStudioProjects\amana\glass-preview-bridge\evidence\market-frame-8032-painted.png (114473 bytes) status=flutter-first-frame
[bridge:market] saved C:\Users\Administrator.user-HP\AndroidStudioProjects\amana\glass-preview-bridge\evidence\market-frame-8040-painted.png (114473 bytes) status=flutter-first-frame
[bridge:market] saved C:\Users\Administrator.user-HP\AndroidStudioProjects\amana\glass-preview-bridge\evidence\market-frame-8048-painted.png (114473 bytes) status=flutter-first-frame
[bridge:market] saved C:\Users\Administrator.user-HP\AndroidStudioProjects\amana\glass-preview-bridge\evidence\market-frame-8056-painted.png (114473 bytes) status=flutter-first-frame
[bridge:market] saved C:\Users\Administrator.user-HP\AndroidStudioProjects\amana\glass-preview-bridge\evidence\market-frame-8064-painted.png (114473 bytes) status=flutter-first-frame
[bridge:market] saved C:\Users\Administrator.user-HP\AndroidStudioProjects\amana\glass-preview-bridge\evidence\market-frame-8072-painted.png (114473 bytes) status=flutter-first-frame
[bridge:market] saved C:\Users\Administrator.user-HP\AndroidStudioProjects\amana\glass-preview-bridge\evidence\market-frame-8080-painted.png (114473 bytes) status=flutter-first-frame
[bridge:market] saved C:\Users\Administrator.user-HP\AndroidStudioProjects\amana\glass-preview-bridge\evidence\market-frame-8088-painted.png (114473 bytes) status=flutter-first-frame
[bridge:market] saved C:\Users\Administrator.user-HP\AndroidStudioProjects\amana\glass-preview-bridge\evidence\market-frame-8096-painted.png (114473 bytes) status=flutter-first-frame
[bridge:market] saved C:\Users\Administrator.user-HP\AndroidStudioProjects\amana\glass-preview-bridge\evidence\market-frame-8104-painted.png (114473 bytes) status=flutter-first-frame
[bridge:market] saved C:\Users\Administrator.user-HP\AndroidStudioProjects\amana\glass-preview-bridge\evidence\market-frame-8112-painted.png (114473 bytes) status=flutter-first-frame
[bridge:market] saved C:\Users\Administrator.user-HP\AndroidStudioProjects\amana\glass-preview-bridge\evidence\market-frame-8120-painted.png (114473 bytes) status=flutter-first-frame
[bridge:market] saved C:\Users\Administrator.user-HP\AndroidStudioProjects\amana\glass-preview-bridge\evidence\market-frame-8128-painted.png (114473 bytes) status=flutter-first-frame
[bridge:market] saved C:\Users\Administrator.user-HP\AndroidStudioProjects\amana\glass-preview-bridge\evidence\market-frame-8136-painted.png (114473 bytes) status=flutter-first-frame
[bridge:market] saved C:\Users\Administrator.user-HP\AndroidStudioProjects\amana\glass-preview-bridge\evidence\market-frame-8144-painted.png (114473 bytes) status=flutter-first-frame
[bridge:market] saved C:\Users\Administrator.user-HP\AndroidStudioProjects\amana\glass-preview-bridge\evidence\market-frame-8152-painted.png (114473 bytes) status=flutter-first-frame
[bridge:market] saved C:\Users\Administrator.user-HP\AndroidStudioProjects\amana\glass-preview-bridge\evidence\market-frame-8160-painted.png (114473 bytes) status=flutter-first-frame
[bridge:market] saved C:\Users\Administrator.user-HP\AndroidStudioProjects\amana\glass-preview-bridge\evidence\market-frame-8168-painted.png (114473 bytes) status=flutter-first-frame
[bridge:market] saved C:\Users\Administrator.user-HP\AndroidStudioProjects\amana\glass-preview-bridge\evidence\market-frame-8176-painted.png (114473 bytes) status=flutter-first-frame
[bridge:market] saved C:\Users\Administrator.user-HP\AndroidStudioProjects\amana\glass-preview-bridge\evidence\market-frame-8184-painted.png (114473 bytes) status=flutter-first-frame
[bridge:market] saved C:\Users\Administrator.user-HP\AndroidStudioProjects\amana\glass-preview-bridge\evidence\market-frame-8192-painted.png (114473 bytes) status=flutter-first-frame
[bridge:market] saved C:\Users\Administrator.user-HP\AndroidStudioProjects\amana\glass-preview-bridge\evidence\market-frame-8200-painted.png (114473 bytes) status=flutter-first-frame
[bridge:market] saved C:\Users\Administrator.user-HP\AndroidStudioProjects\amana\glass-preview-bridge\evidence\market-frame-8208-painted.png (114473 bytes) status=flutter-first-frame
[bridge:market] saved C:\Users\Administrator.user-HP\AndroidStudioProjects\amana\glass-preview-bridge\evidence\market-frame-8216-painted.png (114473 bytes) status=flutter-first-frame
[bridge:market] saved C:\Users\Administrator.user-HP\AndroidStudioProjects\amana\glass-preview-bridge\evidence\market-frame-8224-painted.png (114473 bytes) status=flutter-first-frame
[bridge:market] saved C:\Users\Administrator.user-HP\AndroidStudioProjects\amana\glass-preview-bridge\evidence\market-frame-8232-painted.png (114473 bytes) status=flutter-first-frame
[bridge:market] saved C:\Users\Administrator.user-HP\AndroidStudioProjects\amana\glass-preview-bridge\evidence\market-frame-8240-painted.png (114473 bytes) status=flutter-first-frame
[bridge:market] saved C:\Users\Administrator.user-HP\AndroidStudioProjects\amana\glass-preview-bridge\evidence\market-frame-8248-painted.png (114473 bytes) status=flutter-first-frame
[bridge:market] saved C:\Users\Administrator.user-HP\AndroidStudioProjects\amana\glass-preview-bridge\evidence\market-frame-8256-painted.png (114473 bytes) status=flutter-first-frame
[bridge:market] saved C:\Users\Administrator.user-HP\AndroidStudioProjects\amana\glass-preview-bridge\evidence\market-frame-8264-painted.png (114473 bytes) status=flutter-first-frame
[bridge:market] saved C:\Users\Administrator.user-HP\AndroidStudioProjects\amana\glass-preview-bridge\evidence\market-frame-8272-painted.png (114473 bytes) status=flutter-first-frame
[bridge:market] saved C:\Users\Administrator.user-HP\AndroidStudioProjects\amana\glass-preview-bridge\evidence\market-frame-8280-painted.png (114473 bytes) status=flutter-first-frame
[bridge:market] saved C:\Users\Administrator.user-HP\AndroidStudioProjects\amana\glass-preview-bridge\evidence\market-frame-8288-painted.png (114473 bytes) status=flutter-first-frame
[bridge:market] saved C:\Users\Administrator.user-HP\AndroidStudioProjects\amana\glass-preview-bridge\evidence\market-frame-8296-painted.png (114473 bytes) status=flutter-first-frame
[bridge:market] saved C:\Users\Administrator.user-HP\AndroidStudioProjects\amana\glass-preview-bridge\evidence\market-frame-8304-painted.png (114473 bytes) status=flutter-first-frame
[bridge:market] saved C:\Users\Administrator.user-HP\AndroidStudioProjects\amana\glass-preview-bridge\evidence\market-frame-8312-painted.png (114473 bytes) status=flutter-first-frame
